696,TCGA-AP-A0LT,TCGA-AP-A0LT-01A-11D-A043-02,TCGA-AP-A0LT-01A-11D-A043_120327_SN590_0149_AD0U12ACXX_s_1_rg.sorted.bam,42ca121f-f3b0-4b47-acb4-f1294f88eb39,gs://5aa919de-0aa0-43ec-9ec3-288481102b6d/tcga/UCEC/DNA/WGS/HMS-RK/ILLUMINA/TCGA-AP-A0LT-01A-11D-A043_120327_SN590_0149_AD0U12ACXX_s_1_rg.sorted.bam,20074225495,Illumina HiSeq,TCGA-AP-A0LT-10A-01D-A043-02,TCGA-AP-A0LT-10A-01D-A043_120327_SN590_0149_AD0U12ACXX_s_2_rg.sorted.bam,9984e9fd-d5fa-4d3d-928b-43d15de26280,gs://5aa919de-0aa0-43ec-9ec3-288481102b6d/tcga/UCEC/DNA/WGS/HMS-RK/ILLUMINA/TCGA-AP-A0LT-10A-01D-A043_120327_SN590_0149_AD0U12ACXX_s_2_rg.sorted.bam,11042159647,Illumina HiSeq,UCEC,31116385142,gs://5aa919de-0aa0-43ec-9ec3-288481102b6d/tcga/UCEC/DNA/WGS/HMS-RK/ILLUMINA/TCGA-AP-A0LT-01A-11D-A043_120327_SN590_0149_AD0U12ACXX_s_1_rg.sorted.bam,gs://5aa919de-0aa0-43ec-9ec3-288481102b6d/tcga/UCEC/DNA/WGS/HMS-RK/ILLUMINA/TCGA-AP-A0LT-10A-01D-A043_120327_SN590_0149_AD0U12ACXX_s_2_rg.sorted.bam
826,TCGA-BG-A0MG,TCGA-BG-A0MG-01A-21D-A101-02,TCGA-BG-A0MG-01A-21D-A101_120330_SN1120_0129_BD0UCLACXX_s_5_rg.sorted.bam,30b3e5f5-4066-401d-9cf3-5ee64b9014ef,gs://5aa919de-0aa0-43ec-9ec3-288481102b6d/tcga/UCEC/DNA/WGS/HMS-RK/ILLUMINA/TCGA-BG-A0MG-01A-21D-A101_120330_SN1120_0129_BD0UCLACXX_s_5_rg.sorted.bam,19681871979,Illumina HiSeq,TCGA-BG-A0MG-10A-01D-A101-02,TCGA-BG-A0MG-10A-01D-A101_120406_SN1120_0130_AD0UKGACXX_s_7_rg.sorted.bam,9079f7a8-53e7-4675-b3c6-f6c7b3f81eba,gs://5aa919de-0aa0-43ec-9ec3-288481102b6d/tcga/UCEC/DNA/WGS/HMS-RK/ILLUMINA/TCGA-BG-A0MG-10A-01D-A101_120406_SN1120_0130_AD0UKGACXX_s_7_rg.sorted.bam,12398027284,Illumina HiSeq,UCEC,32079899263,gs://5aa919de-0aa0-43ec-9ec3-288481102b6d/tcga/UCEC/DNA/WGS/HMS-RK/ILLUMINA/TCGA-BG-A0MG-01A-21D-A101_120330_SN1120_0129_BD0UCLACXX_s_5_rg.sorted.bam,gs://5aa919de-0aa0-43ec-9ec3-288481102b6d/tcga/UCEC/DNA/WGS/HMS-RK/ILLUMINA/TCGA-BG-A0MG-10A-01D-A101_120406_SN1120_0130_AD0UKGACXX_s_7_rg.sorted.bam
830,TCGA-BG-A0MT,TCGA-BG-A0MT-01A-11D-A101-02,TCGA-BG-A0MT-01A-11D-A101_120330_SN1120_0129_BD0UCLACXX_s_8_rg.sorted.bam,3499ad67-e5ed-4030-9fba-fac9fa52f9c5,gs://5aa919de-0aa0-43ec-9ec3-288481102b6d/tcga/UCEC/DNA/WGS/HMS-RK/ILLUMINA/TCGA-BG-A0MT-01A-11D-A101_120330_SN1120_0129_BD0UCLACXX_s_8_rg.sorted.bam,23317489526,Illumina HiSeq,TCGA-BG-A0MT-10A-01D-A101-02,TCGA-BG-A0MT-10A-01D-A101_120406_SN1120_0130_AD0UKGACXX_s_8_rg.sorted.bam,7782d010-e2ee-427f-8198-76914b5ce75c,gs://5aa919de-0aa0-43ec-9ec3-288481102b6d/tcga/UCEC/DNA/WGS/HMS-RK/ILLUMINA/TCGA-BG-A0MT-10A-01D-A101_120406_SN1120_0130_AD0UKGACXX_s_8_rg.sorted.bam,12152381419,Illumina HiSeq,UCEC,35469870945,gs://5aa919de-0aa0-43ec-9ec3-288481102b6d/tcga/UCEC/DNA/WGS/HMS-RK/ILLUMINA/TCGA-BG-A0MT-01A-11D-A101_120330_SN1120_0129_BD0UCLACXX_s_8_rg.sorted.bam,gs://5aa919de-0aa0-43ec-9ec3-288481102b6d/tcga/UCEC/DNA/WGS/HMS-RK/ILLUMINA/TCGA-BG-A0MT-10A-01D-A101_120406_SN1120_0130_AD0UKGACXX_s_8_rg.sorted.bam
961,TCGA-BS-A0TG,TCGA-BS-A0TG-01A-32D-A101-02,TCGA-BS-A0TG-01A-32D-A101_120407_SN590_0152_AC0C7LACXX_s_4_rg.sorted.bam,bbb0de46-a395-47cf-938b-3a6a6c59b9ec,gs://5aa919de-0aa0-43ec-9ec3-288481102b6d/tcga/UCEC/DNA/WGS/HMS-RK/ILLUMINA/TCGA-BS-A0TG-01A-32D-A101_120407_SN590_0152_AC0C7LACXX_s_4_rg.sorted.bam,9751278393,Illumina HiSeq,TCGA-BS-A0TG-10A-01D-A101-02,TCGA-BS-A0TG-10A-01D-A101_120409_SN1222_0095_AD0V1JACXX_s_4_rg.sorted.bam,a1ae7935-6ba2-41ab-a964-95b087ce291a,gs://5aa919de-0aa0-43ec-9ec3-288481102b6d/tcga/UCEC/DNA/WGS/HMS-RK/ILLUMINA/TCGA-BS-A0TG-10A-01D-A101_120409_SN1222_0095_AD0V1JACXX_s_4_rg.sorted.bam,26434980929,Illumina HiSeq,UCEC,36186259322,gs://5aa919de-0aa0-43ec-9ec3-288481102b6d/tcga/UCEC/DNA/WGS/WUGSC/ILLUMINA/11e9896c1184c4a8c38f78209b067bcf.bam,gs://5aa919de-0aa0-43ec-9ec3-288481102b6d/tcga/UCEC/DNA/WGS/WUGSC/ILLUMINA/690abaeb2cb158cb141d3f5315e2ef25.bam
965,TCGA-BS-A0U7,TCGA-BS-A0U7-01A-21D-A101-02,TCGA-BS-A0U7-01A-21D-A101_120407_SN590_0152_AC0C7LACXX_s_7_rg.sorted.bam,1d76b3a6-ff5e-4092-b273-cc2380e0810c,gs://5aa919de-0aa0-43ec-9ec3-288481102b6d/tcga/UCEC/DNA/WGS/HMS-RK/ILLUMINA/TCGA-BS-A0U7-01A-21D-A101_120407_SN590_0152_AC0C7LACXX_s_7_rg.sorted.bam,10226260157,Illumina HiSeq,TCGA-BS-A0U7-10A-01D-A101-02,TCGA-BS-A0U7-10A-01D-A101_120409_SN1222_0095_AD0V1JACXX_s_7_rg.sorted.bam,1d024fe0-273a-4aac-958d-5f2ece359b9b,gs://5aa919de-0aa0-43ec-9ec3-288481102b6d/tcga/UCEC/DNA/WGS/HMS-RK/ILLUMINA/TCGA-BS-A0U7-10A-01D-A101_120409_SN1222_0095_AD0V1JACXX_s_7_rg.sorted.bam,27011913653,Illumina HiSeq,UCEC,37238173810,gs://5aa919de-0aa0-43ec-9ec3-288481102b6d/tcga/UCEC/DNA/WGS/HMS-RK/ILLUMINA/TCGA-BS-A0U7-01A-21D-A101_120407_SN590_0152_AC0C7LACXX_s_7_rg.sorted.bam,gs://5aa919de-0aa0-43ec-9ec3-288481102b6d/tcga/UCEC/DNA/WGS/HMS-RK/ILLUMINA/TCGA-BS-A0U7-10A-01D-A101_120409_SN1222_0095_AD0V1JACXX_s_7_rg.sorted.bam
681,TCGA-AP-A0LD,TCGA-AP-A0LD-01A-11D-A043-02,TCGA-AP-A0LD-01A-11D-A043_120330_SN1120_0128_AC0L52ACXX_s_6_rg.sorted.bam,aa90984a-1483-43a2-8b20-f1654e3f601e,gs://5aa919de-0aa0-43ec-9ec3-288481102b6d/tcga/UCEC/DNA/WGS/HMS-RK/ILLUMINA/TCGA-AP-A0LD-01A-11D-A043_120330_SN1120_0128_AC0L52ACXX_s_6_rg.sorted.bam,15745753085,Illumina HiSeq,TCGA-AP-A0LD-10A-01D-A043-02,TCGA-AP-A0LD-10A-01D-A043_120330_SN1120_0128_AC0L52ACXX_s_3_rg.sorted.bam,4fd3b516-8908-4161-8c02-d293169c11c0,gs://5aa919de-0aa0-43ec-9ec3-288481102b6d/tcga/UCEC/DNA/WGS/HMS-RK/ILLUMINA/TCGA-AP-A0LD-10A-01D-A043_120330_SN1120_0128_AC0L52ACXX_s_3_rg.sorted.bam,21769259043,Illumina HiSeq,UCEC,37515012128,gs://5aa919de-0aa0-43ec-9ec3-288481102b6d/tcga/UCEC/DNA/WGS/HMS-RK/ILLUMINA/TCGA-AP-A0LD-01A-11D-A043_120330_SN1120_0128_AC0L52ACXX_s_6_rg.sorted.bam,gs://5aa919de-0aa0-43ec-9ec3-288481102b6d/tcga/UCEC/DNA/WGS/HMS-RK/ILLUMINA/TCGA-AP-A0LD-10A-01D-A043_120330_SN1120_0128_AC0L52ACXX_s_3_rg.sorted.bam
963,TCGA-BS-A0TI,TCGA-BS-A0TI-01A-11D-A101-02,TCGA-BS-A0TI-01A-11D-A101_120407_SN590_0152_AC0C7LACXX_s_5_rg.sorted.bam,ea49ec05-391f-4ccc-8dbf-11ec80154839,gs://5aa919de-0aa0-43ec-9ec3-288481102b6d/tcga/UCEC/DNA/WGS/HMS-RK/ILLUMINA/TCGA-BS-A0TI-01A-11D-A101_120407_SN590_0152_AC0C7LACXX_s_5_rg.sorted.bam,11546997567,Illumina HiSeq,TCGA-BS-A0TI-10A-01D-A101-02,TCGA-BS-A0TI-10A-01D-A101_120409_SN1222_0095_AD0V1JACXX_s_5_rg.sorted.bam,6c79babf-5d05-4b25-be49-7ca0b6cd759a,gs://5aa919de-0aa0-43ec-9ec3-288481102b6d/tcga/UCEC/DNA/WGS/HMS-RK/ILLUMINA/TCGA-BS-A0TI-10A-01D-A101_120409_SN1222_0095_AD0V1JACXX_s_5_rg.sorted.bam,26084256282,Illumina HiSeq,UCEC,37631253849,gs://5aa919de-0aa0-43ec-9ec3-288481102b6d/tcga/UCEC/DNA/WGS/HMS-RK/ILLUMINA/TCGA-BS-A0TI-01A-11D-A101_120407_SN590_0152_AC0C7LACXX_s_5_rg.sorted.bam,gs://5aa919de-0aa0-43ec-9ec3-288481102b6d/tcga/UCEC/DNA/WGS/HMS-RK/ILLUMINA/TCGA-BS-A0TI-10A-01D-A101_120409_SN1222_0095_AD0V1JACXX_s_5_rg.sorted.bam
1292,TCGA-D1-A16B,TCGA-D1-A16B-01A-11D-A12F-02,TCGA-D1-A16B-01A-11D-A12F_120511_SN208_0299_BD12J9ACXX_s_1_rg.sorted.bam,fee88e21-5479-4b67-8933-80c22e6fa222,gs://5aa919de-0aa0-43ec-9ec3-288481102b6d/tcga/UCEC/DNA/WGS/HMS-RK/ILLUMINA/TCGA-D1-A16B-01A-11D-A12F_120511_SN208_0299_BD12J9ACXX_s_1_rg.sorted.bam,16597970006,Illumina HiSeq,TCGA-D1-A16B-10A-01D-A12F-02,TCGA-D1-A16B-10A-01D-A12F_120511_SN208_0299_BD12J9ACXX_s_2_rg.sorted.bam,ee24ca3f-bf5f-4dd3-8f41-15d8fcecf487,gs://5aa919de-0aa0-43ec-9ec3-288481102b6d/tcga/UCEC/DNA/WGS/HMS-RK/ILLUMINA/TCGA-D1-A16B-10A-01D-A12F_120511_SN208_0299_BD12J9ACXX_s_2_rg.sorted.bam,21063452381,Illumina HiSeq,UCEC,37661422387,gs://5aa919de-0aa0-43ec-9ec3-288481102b6d/tcga/UCEC/DNA/WGS/HMS-RK/ILLUMINA/TCGA-D1-A16B-01A-11D-A12F_120511_SN208_0299_BD12J9ACXX_s_1_rg.sorted.bam,gs://5aa919de-0aa0-43ec-9ec3-288481102b6d/tcga/UCEC/DNA/WGS/HMS-RK/ILLUMINA/TCGA-D1-A16B-10A-01D-A12F_120511_SN208_0299_BD12J9ACXX_s_2_rg.sorted.bam
679,TCGA-AP-A0L9,TCGA-AP-A0L9-01A-11D-A043-02,TCGA-AP-A0L9-01A-11D-A043_120318_SN590_0147_BD0U3RACXX_s_3_rg.sorted.bam,df10c3ed-7978-4d58-b4f6-52a76db0994a,gs://5aa919de-0aa0-43ec-9ec3-288481102b6d/tcga/UCEC/DNA/WGS/HMS-RK/ILLUMINA/TCGA-AP-A0L9-01A-11D-A043_120318_SN590_0147_BD0U3RACXX_s_3_rg.sorted.bam,22670298625,Illumina HiSeq,TCGA-AP-A0L9-10A-01D-A043-02,TCGA-AP-A0L9-10A-01D-A043_120318_SN590_0147_BD0U3RACXX_s_4_rg.sorted.bam,da796750-9751-47a4-a977-f1ef14fbfbe5,gs://5aa919de-0aa0-43ec-9ec3-288481102b6d/tcga/UCEC/DNA/WGS/HMS-RK/ILLUMINA/TCGA-AP-A0L9-10A-01D-A043_120318_SN590_0147_BD0U3RACXX_s_4_rg.sorted.bam,15425671653,Illumina HiSeq,UCEC,38095970278,gs://5aa919de-0aa0-43ec-9ec3-288481102b6d/tcga/UCEC/DNA/WGS/HMS-RK/ILLUMINA/TCGA-AP-A0L9-01A-11D-A043_120318_SN590_0147_BD0U3RACXX_s_3_rg.sorted.bam,gs://5aa919de-0aa0-43ec-9ec3-288481102b6d/tcga/UCEC/DNA/WGS/WUGSC/ILLUMINA/b0f4d56d8be7b73ada803e2771e3522a.bam
966,TCGA-BS-A0U8,TCGA-BS-A0U8-01A-11D-A101-02,TCGA-BS-A0U8-01A-11D-A101_120407_SN590_0152_AC0C7LACXX_s_8_rg.sorted.bam,44c78212-4860-4cf3-bd54-0e8e150cd0b1,gs://5aa919de-0aa0-43ec-9ec3-288481102b6d/tcga/UCEC/DNA/WGS/HMS-RK/ILLUMINA/TCGA-BS-A0U8-01A-11D-A101_120407_SN590_0152_AC0C7LACXX_s_8_rg.sorted.bam,12918217820,Illumina HiSeq,TCGA-BS-A0U8-10A-01D-A101-02,TCGA-BS-A0U8-10A-01D-A101_120409_SN1222_0095_AD0V1JACXX_s_8_rg.sorted.bam,2ab387c8-839e-4435-9f0a-51ea04594026,gs://5aa919de-0aa0-43ec-9ec3-288481102b6d/tcga/UCEC/DNA/WGS/HMS-RK/ILLUMINA/TCGA-BS-A0U8-10A-01D-A101_120409_SN1222_0095_AD0V1JACXX_s_8_rg.sorted.bam,25371528693,Illumina HiSeq,UCEC,38289746513,gs://5aa919de-0aa0-43ec-9ec3-288481102b6d/tcga/UCEC/DNA/WGS/HMS-RK/ILLUMINA/TCGA-BS-A0U8-01A-11D-A101_120407_SN590_0152_AC0C7LACXX_s_8_rg.sorted.bam,gs://5aa919de-0aa0-43ec-9ec3-288481102b6d/tcga/UCEC/DNA/WGS/HMS-RK/ILLUMINA/TCGA-BS-A0U8-10A-01D-A101_120409_SN1222_0095_AD0V1JACXX_s_8_rg.sorted.bam
389,TCGA-A5-A0RA,TCGA-A5-A0RA-01A-21D-A101-02,TCGA-A5-A0RA-01A-21D-A101_120403_SN1222_0093_AC0L7VACXX_s_6_rg.sorted.bam,d644ff0f-6dc7-4922-a46d-3223823e8118,gs://5aa919de-0aa0-43ec-9ec3-288481102b6d/tcga/UCEC/DNA/WGS/HMS-RK/ILLUMINA/TCGA-A5-A0RA-01A-21D-A101_120403_SN1222_0093_AC0L7VACXX_s_6_rg.sorted.bam,11609613099,Illumina HiSeq,TCGA-A5-A0RA-10A-01D-A101-02,TCGA-A5-A0RA-10A-01D-A101_120406_SN1120_0131_BD0UK4ACXX_s_6_rg.sorted.bam,0299a5c4-cb18-4ec1-bbdc-6305aab55198,gs://5aa919de-0aa0-43ec-9ec3-288481102b6d/tcga/UCEC/DNA/WGS/HMS-RK/ILLUMINA/TCGA-A5-A0RA-10A-01D-A101_120406_SN1120_0131_BD0UK4ACXX_s_6_rg.sorted.bam,26716576190,Illumina HiSeq,UCEC,38326189289,gs://5aa919de-0aa0-43ec-9ec3-288481102b6d/tcga/UCEC/DNA/WGS/HMS-RK/ILLUMINA/TCGA-A5-A0RA-01A-21D-A101_120403_SN1222_0093_AC0L7VACXX_s_6_rg.sorted.bam,gs://5aa919de-0aa0-43ec-9ec3-288481102b6d/tcga/UCEC/DNA/WGS/HMS-RK/ILLUMINA/TCGA-A5-A0RA-10A-01D-A101_120406_SN1120_0131_BD0UK4ACXX_s_6_rg.sorted.bam
822,TCGA-BG-A0M6,TCGA-BG-A0M6-01A-31D-A101-02,TCGA-BG-A0M6-01A-31D-A101_120330_SN1120_0129_BD0UCLACXX_s_2_rg.sorted.bam,0db41cb8-f118-4d04-a002-22df953a0dec,gs://5aa919de-0aa0-43ec-9ec3-288481102b6d/tcga/UCEC/DNA/WGS/HMS-RK/ILLUMINA/TCGA-BG-A0M6-01A-31D-A101_120330_SN1120_0129_BD0UCLACXX_s_2_rg.sorted.bam,19870786805,Illumina HiSeq,TCGA-BG-A0M6-10A-01D-A101-02,TCGA-BG-A0M6-10A-01D-A101_120406_SN1120_0130_AD0UKGACXX_s_5_rg.sorted.bam,5884b987-20f3-49d4-adaa-3cde9f57adb8,gs://5aa919de-0aa0-43ec-9ec3-288481102b6d/tcga/UCEC/DNA/WGS/HMS-RK/ILLUMINA/TCGA-BG-A0M6-10A-01D-A101_120406_SN1120_0130_AD0UKGACXX_s_5_rg.sorted.bam,18986616200,Illumina HiSeq,UCEC,38857403005,gs://5aa919de-0aa0-43ec-9ec3-288481102b6d/tcga/UCEC/DNA/WGS/HMS-RK/ILLUMINA/TCGA-BG-A0M6-01A-31D-A101_120330_SN1120_0129_BD0UCLACXX_s_2_rg.sorted.bam,gs://5aa919de-0aa0-43ec-9ec3-288481102b6d/tcga/UCEC/DNA/WGS/HMS-RK/ILLUMINA/TCGA-BG-A0M6-10A-01D-A101_120406_SN1120_0130_AD0UKGACXX_s_5_rg.sorted.bam
1302,TCGA-D1-A17B,TCGA-D1-A17B-01A-22D-A12F-02,TCGA-D1-A17B-01A-22D-A12F_120413_SN1120_0132_AD0T6RACXX_s_5_rg.sorted.bam,9f33a744-e555-4372-bc02-f9fbb85c207c,gs://5aa919de-0aa0-43ec-9ec3-288481102b6d/tcga/UCEC/DNA/WGS/HMS-RK/ILLUMINA/TCGA-D1-A17B-01A-22D-A12F_120413_SN1120_0132_AD0T6RACXX_s_5_rg.sorted.bam,16560047938,Illumina HiSeq,TCGA-D1-A17B-10A-01D-A12F-02,TCGA-D1-A17B-10A-01D-A12F_120413_SN1120_0133_BC0J8UACXX_s_3_rg.sorted.bam,1b9457d8-9c16-4247-b276-1ead20efc5dc,gs://5aa919de-0aa0-43ec-9ec3-288481102b6d/tcga/UCEC/DNA/WGS/HMS-RK/ILLUMINA/TCGA-D1-A17B-10A-01D-A12F_120413_SN1120_0133_BC0J8UACXX_s_3_rg.sorted.bam,22924089793,Illumina HiSeq,UCEC,39484137731,gs://5aa919de-0aa0-43ec-9ec3-288481102b6d/tcga/UCEC/DNA/WGS/HMS-RK/ILLUMINA/TCGA-D1-A17B-01A-22D-A12F_120413_SN1120_0132_AD0T6RACXX_s_5_rg.sorted.bam,gs://5aa919de-0aa0-43ec-9ec3-288481102b6d/tcga/UCEC/DNA/WGS/HMS-RK/ILLUMINA/TCGA-D1-A17B-10A-01D-A12F_120413_SN1120_0133_BC0J8UACXX_s_3_rg.sorted.bam
831,TCGA-BG-A0MU,TCGA-BG-A0MU-01A-11D-A101-02,TCGA-BG-A0MU-01A-11D-A101_120403_SN1222_0093_AC0L7VACXX_s_1_rg.sorted.bam,c676fa46-db3a-402d-804d-9717141fdae6,gs://5aa919de-0aa0-43ec-9ec3-288481102b6d/tcga/UCEC/DNA/WGS/HMS-RK/ILLUMINA/TCGA-BG-A0MU-01A-11D-A101_120403_SN1222_0093_AC0L7VACXX_s_1_rg.sorted.bam,15121137453,Illumina HiSeq,TCGA-BG-A0MU-10A-02D-A101-02,TCGA-BG-A0MU-10A-02D-A101_120406_SN1120_0131_BD0UK4ACXX_s_1_rg.sorted.bam,56dc6ee6-2816-48fc-b41d-acea5bdb9330,gs://5aa919de-0aa0-43ec-9ec3-288481102b6d/tcga/UCEC/DNA/WGS/HMS-RK/ILLUMINA/TCGA-BG-A0MU-10A-02D-A101_120406_SN1120_0131_BD0UK4ACXX_s_1_rg.sorted.bam,24994050497,Illumina HiSeq,UCEC,40115187950,gs://5aa919de-0aa0-43ec-9ec3-288481102b6d/tcga/UCEC/DNA/WGS/HMS-RK/ILLUMINA/TCGA-BG-A0MU-01A-11D-A101_120403_SN1222_0093_AC0L7VACXX_s_1_rg.sorted.bam,gs://5aa919de-0aa0-43ec-9ec3-288481102b6d/tcga/UCEC/DNA/WGS/HMS-RK/ILLUMINA/TCGA-BG-A0MU-10A-02D-A101_120406_SN1120_0131_BD0UK4ACXX_s_1_rg.sorted.bam
387,TCGA-A5-A0R8,TCGA-A5-A0R8-01A-11D-A101-02,TCGA-A5-A0R8-01A-11D-A101_120403_SN1222_0093_AC0L7VACXX_s_4_rg.sorted.bam,ed11d53d-5cbb-44e2-b4d2-1603cef4ec13,gs://5aa919de-0aa0-43ec-9ec3-288481102b6d/tcga/UCEC/DNA/WGS/HMS-RK/ILLUMINA/TCGA-A5-A0R8-01A-11D-A101_120403_SN1222_0093_AC0L7VACXX_s_4_rg.sorted.bam,12225848208,Illumina HiSeq,TCGA-A5-A0R8-10A-01D-A101-02,TCGA-A5-A0R8-10A-01D-A101_120406_SN1120_0131_BD0UK4ACXX_s_4_rg.sorted.bam,aba38e39-8eb7-4475-b9d0-1d8868b47fbd,gs://5aa919de-0aa0-43ec-9ec3-288481102b6d/tcga/UCEC/DNA/WGS/HMS-RK/ILLUMINA/TCGA-A5-A0R8-10A-01D-A101_120406_SN1120_0131_BD0UK4ACXX_s_4_rg.sorted.bam,28083930134,Illumina HiSeq,UCEC,40309778342,gs://5aa919de-0aa0-43ec-9ec3-288481102b6d/tcga/UCEC/DNA/WGS/HMS-RK/ILLUMINA/TCGA-A5-A0R8-01A-11D-A101_120403_SN1222_0093_AC0L7VACXX_s_4_rg.sorted.bam,gs://5aa919de-0aa0-43ec-9ec3-288481102b6d/tcga/UCEC/DNA/WGS/HMS-RK/ILLUMINA/TCGA-A5-A0R8-10A-01D-A101_120406_SN1120_0131_BD0UK4ACXX_s_4_rg.sorted.bam
708,TCGA-AX-A0J1,TCGA-AX-A0J1-01A-11D-A043-02,TCGA-AX-A0J1-01A-11D-A043_120403_SN1222_0094_BD0UKBACXX_s_4_rg.sorted.bam,7bce686e-1ac7-49b4-9b2f-c76eec80a77c,gs://5aa919de-0aa0-43ec-9ec3-288481102b6d/tcga/UCEC/DNA/WGS/HMS-RK/ILLUMINA/TCGA-AX-A0J1-01A-11D-A043_120403_SN1222_0094_BD0UKBACXX_s_4_rg.sorted.bam,13270080171,Illumina HiSeq,TCGA-AX-A0J1-10A-01D-A043-02,TCGA-AX-A0J1-10A-01D-A043_120403_SN1222_0094_BD0UKBACXX_s_5_rg.sorted.bam,a63b4482-6fb6-4554-a81b-a77003d1b12f,gs://5aa919de-0aa0-43ec-9ec3-288481102b6d/tcga/UCEC/DNA/WGS/HMS-RK/ILLUMINA/TCGA-AX-A0J1-10A-01D-A043_120403_SN1222_0094_BD0UKBACXX_s_5_rg.sorted.bam,27536329495,Illumina HiSeq,UCEC,40806409666,gs://5aa919de-0aa0-43ec-9ec3-288481102b6d/tcga/UCEC/DNA/WGS/WUGSC/ILLUMINA/c71bbdff2d8e43b1dd7f270bf112e2c4.bam,gs://5aa919de-0aa0-43ec-9ec3-288481102b6d/tcga/UCEC/DNA/WGS/WUGSC/ILLUMINA/7652d849b685c386a065309525f742d7.bam
375,TCGA-A5-A0GB,TCGA-A5-A0GB-01A-11D-A043-02,TCGA-A5-A0GB-01A-11D-A043_120324_SN1120_0127_BC0L80ACXX_s_2_rg.sorted.bam,c4dd9407-812c-41b2-9953-baec8808ddbd,gs://5aa919de-0aa0-43ec-9ec3-288481102b6d/tcga/UCEC/DNA/WGS/HMS-RK/ILLUMINA/TCGA-A5-A0GB-01A-11D-A043_120324_SN1120_0127_BC0L80ACXX_s_2_rg.sorted.bam,20697892087,Illumina HiSeq,TCGA-A5-A0GB-10A-01D-A043-02,TCGA-A5-A0GB-10A-01D-A043_120530_SN1222_0110_AC0VLAACXX_s_3_rg.sorted.bam,f8c18acc-2985-4620-aef4-9655b0d9e9c0,gs://5aa919de-0aa0-43ec-9ec3-288481102b6d/tcga/UCEC/DNA/WGS/HMS-RK/ILLUMINA/TCGA-A5-A0GB-10A-01D-A043_120530_SN1222_0110_AC0VLAACXX_s_3_rg.sorted.bam,20696451305,Illumina HiSeq,UCEC,41394343392,gs://5aa919de-0aa0-43ec-9ec3-288481102b6d/tcga/UCEC/DNA/WGS/HMS-RK/ILLUMINA/TCGA-A5-A0GB-01A-11D-A043_120324_SN1120_0127_BC0L80ACXX_s_2_rg.sorted.bam,gs://5aa919de-0aa0-43ec-9ec3-288481102b6d/tcga/UCEC/DNA/WGS/HMS-RK/ILLUMINA/TCGA-A5-A0GB-10A-01D-A043_120530_SN1222_0110_AC0VLAACXX_s_3_rg.sorted.bam
388,TCGA-A5-A0R9,TCGA-A5-A0R9-01A-11D-A101-02,TCGA-A5-A0R9-01A-11D-A101_120403_SN1222_0093_AC0L7VACXX_s_5_rg.sorted.bam,4139f46d-ae94-47a2-a3ae-0b96262c6a89,gs://5aa919de-0aa0-43ec-9ec3-288481102b6d/tcga/UCEC/DNA/WGS/HMS-RK/ILLUMINA/TCGA-A5-A0R9-01A-11D-A101_120403_SN1222_0093_AC0L7VACXX_s_5_rg.sorted.bam,16082717871,Illumina HiSeq,TCGA-A5-A0R9-10A-01D-A101-02,TCGA-A5-A0R9-10A-01D-A101_120406_SN1120_0131_BD0UK4ACXX_s_5_rg.sorted.bam,7dd18801-cadc-4e38-9c58-382d556d861e,gs://5aa919de-0aa0-43ec-9ec3-288481102b6d/tcga/UCEC/DNA/WGS/HMS-RK/ILLUMINA/TCGA-A5-A0R9-10A-01D-A101_120406_SN1120_0131_BD0UK4ACXX_s_5_rg.sorted.bam,25766260370,Illumina HiSeq,UCEC,41848978241,gs://5aa919de-0aa0-43ec-9ec3-288481102b6d/tcga/UCEC/DNA/WGS/HMS-RK/ILLUMINA/TCGA-A5-A0R9-01A-11D-A101_120403_SN1222_0093_AC0L7VACXX_s_5_rg.sorted.bam,gs://5aa919de-0aa0-43ec-9ec3-288481102b6d/tcga/UCEC/DNA/WGS/HMS-RK/ILLUMINA/TCGA-A5-A0R9-10A-01D-A101_120406_SN1120_0131_BD0UK4ACXX_s_5_rg.sorted.bam
1416,TCGA-DI-A1BU,TCGA-DI-A1BU-01A-11D-A133-02,TCGA-DI-A1BU-01A-11D-A133_120511_SN1120_0141_BC0VK9ACXX_s_7_rg.sorted.bam,1a6e5cca-d65a-40c4-b8ce-b7b282493459,gs://5aa919de-0aa0-43ec-9ec3-288481102b6d/tcga/UCEC/DNA/WGS/HMS-RK/ILLUMINA/TCGA-DI-A1BU-01A-11D-A133_120511_SN1120_0141_BC0VK9ACXX_s_7_rg.sorted.bam,21005083825,Illumina HiSeq,TCGA-DI-A1BU-10A-01D-A133-02,TCGA-DI-A1BU-10A-01D-A133_120511_SN1120_0141_BC0VK9ACXX_s_8_rg.sorted.bam,57bcc650-8415-4b37-b825-c09512d4993b,gs://5aa919de-0aa0-43ec-9ec3-288481102b6d/tcga/UCEC/DNA/WGS/HMS-RK/ILLUMINA/TCGA-DI-A1BU-10A-01D-A133_120511_SN1120_0141_BC0VK9ACXX_s_8_rg.sorted.bam,21175219921,Illumina HiSeq,UCEC,42180303746,gs://5aa919de-0aa0-43ec-9ec3-288481102b6d/tcga/UCEC/DNA/WGS/HMS-RK/ILLUMINA/TCGA-DI-A1BU-01A-11D-A133_120511_SN1120_0141_BC0VK9ACXX_s_7_rg.sorted.bam,gs://5aa919de-0aa0-43ec-9ec3-288481102b6d/tcga/UCEC/DNA/WGS/HMS-RK/ILLUMINA/TCGA-DI-A1BU-10A-01D-A133_120511_SN1120_0141_BC0VK9ACXX_s_8_rg.sorted.bam
828,TCGA-BG-A0MQ,TCGA-BG-A0MQ-01A-11D-A101-02,TCGA-BG-A0MQ-01A-11D-A101_120330_SN1120_0129_BD0UCLACXX_s_6_rg.sorted.bam,d1e9cdb8-f8a6-43da-9afb-28a6e6d72b6a,gs://5aa919de-0aa0-43ec-9ec3-288481102b6d/tcga/UCEC/DNA/WGS/HMS-RK/ILLUMINA/TCGA-BG-A0MQ-01A-11D-A101_120330_SN1120_0129_BD0UCLACXX_s_6_rg.sorted.bam,21598651703,Illumina HiSeq,TCGA-BG-A0MQ-10A-02D-A101-02,TCGA-BG-A0MQ-10A-02D-A101_120406_SN208_0281_AC0KDBACXX_s_7_rg.sorted.bam,64f40fd7-7cbd-4f15-8f79-c145111f31bd,gs://5aa919de-0aa0-43ec-9ec3-288481102b6d/tcga/UCEC/DNA/WGS/HMS-RK/ILLUMINA/TCGA-BG-A0MQ-10A-02D-A101_120406_SN208_0281_AC0KDBACXX_s_7_rg.sorted.bam,21309066557,Illumina HiSeq,UCEC,42907718260,gs://5aa919de-0aa0-43ec-9ec3-288481102b6d/tcga/UCEC/DNA/WGS/HMS-RK/ILLUMINA/TCGA-BG-A0MQ-01A-11D-A101_120330_SN1120_0129_BD0UCLACXX_s_6_rg.sorted.bam,gs://5aa919de-0aa0-43ec-9ec3-288481102b6d/tcga/UCEC/DNA/WGS/HMS-RK/ILLUMINA/TCGA-BG-A0MQ-10A-02D-A101_120406_SN208_0281_AC0KDBACXX_s_7_rg.sorted.bam
754,TCGA-B5-A0K9,TCGA-B5-A0K9-01A-21D-A101-02,TCGA-B5-A0K9-01A-21D-A101_120330_SN208_0279_BC0L73ACXX_s_1_rg.sorted.bam,71c016d1-ab89-4d8f-acb9-92767959d603,gs://5aa919de-0aa0-43ec-9ec3-288481102b6d/tcga/UCEC/DNA/WGS/HMS-RK/ILLUMINA/TCGA-B5-A0K9-01A-21D-A101_120330_SN208_0279_BC0L73ACXX_s_1_rg.sorted.bam,17308628205,Illumina HiSeq,TCGA-B5-A0K9-10A-02D-A101-02,TCGA-B5-A0K9-10A-02D-A101_120406_SN208_0281_AC0KDBACXX_s_2_rg.sorted.bam,285455ac-3652-45e6-9634-9b705defc33c,gs://5aa919de-0aa0-43ec-9ec3-288481102b6d/tcga/UCEC/DNA/WGS/HMS-RK/ILLUMINA/TCGA-B5-A0K9-10A-02D-A101_120406_SN208_0281_AC0KDBACXX_s_2_rg.sorted.bam,25627940790,Illumina HiSeq,UCEC,42936568995,gs://5aa919de-0aa0-43ec-9ec3-288481102b6d/tcga/UCEC/DNA/WGS/HMS-RK/ILLUMINA/TCGA-B5-A0K9-01A-21D-A101_120330_SN208_0279_BC0L73ACXX_s_1_rg.sorted.bam,gs://5aa919de-0aa0-43ec-9ec3-288481102b6d/tcga/UCEC/DNA/WGS/HMS-RK/ILLUMINA/TCGA-B5-A0K9-10A-02D-A101_120406_SN208_0281_AC0KDBACXX_s_2_rg.sorted.bam
694,TCGA-AP-A0LP,TCGA-AP-A0LP-01A-12D-A101-02,TCGA-AP-A0LP-01A-12D-A101_120330_SN208_0279_BC0L73ACXX_s_4_rg.sorted.bam,369f32c0-ebb9-490e-baa4-0735e0efa092,gs://5aa919de-0aa0-43ec-9ec3-288481102b6d/tcga/UCEC/DNA/WGS/HMS-RK/ILLUMINA/TCGA-AP-A0LP-01A-12D-A101_120330_SN208_0279_BC0L73ACXX_s_4_rg.sorted.bam,17359039376,Illumina HiSeq,TCGA-AP-A0LP-10A-01D-A101-02,TCGA-AP-A0LP-10A-01D-A101_120406_SN208_0281_AC0KDBACXX_s_5_rg.sorted.bam,2b1e3b74-bf9f-487e-a763-3ceecfb24090,gs://5aa919de-0aa0-43ec-9ec3-288481102b6d/tcga/UCEC/DNA/WGS/HMS-RK/ILLUMINA/TCGA-AP-A0LP-10A-01D-A101_120406_SN208_0281_AC0KDBACXX_s_5_rg.sorted.bam,25784836961,Illumina HiSeq,UCEC,43143876337,gs://5aa919de-0aa0-43ec-9ec3-288481102b6d/tcga/UCEC/DNA/WGS/HMS-RK/ILLUMINA/TCGA-AP-A0LP-01A-12D-A101_120330_SN208_0279_BC0L73ACXX_s_4_rg.sorted.bam,gs://5aa919de-0aa0-43ec-9ec3-288481102b6d/tcga/UCEC/DNA/WGS/HMS-RK/ILLUMINA/TCGA-AP-A0LP-10A-01D-A101_120406_SN208_0281_AC0KDBACXX_s_5_rg.sorted.bam
376,TCGA-A5-A0GD,TCGA-A5-A0GD-01A-11D-A043-02,TCGA-A5-A0GD-01A-11D-A043_120209_SN1120_0114_BC0DFVACXX_s_3_rg.sorted.bam,98b5ea92-9e57-4d1f-937d-8bb0dd2a3cf2,gs://5aa919de-0aa0-43ec-9ec3-288481102b6d/tcga/UCEC/DNA/WGS/HMS-RK/ILLUMINA/TCGA-A5-A0GD-01A-11D-A043_120209_SN1120_0114_BC0DFVACXX_s_3_rg.sorted.bam,15856240550,Illumina HiSeq,TCGA-A5-A0GD-10A-01D-A043-02,TCGA-A5-A0GD-10A-01D-A043_120504_SN208_0297_BC0VJEACXX_s_7_rg.sorted.bam,f57ef0e6-cdbc-412d-b41e-83ae999958b8,gs://5aa919de-0aa0-43ec-9ec3-288481102b6d/tcga/UCEC/DNA/WGS/HMS-RK/ILLUMINA/TCGA-A5-A0GD-10A-01D-A043_120504_SN208_0297_BC0VJEACXX_s_7_rg.sorted.bam,27490501655,Illumina HiSeq,UCEC,43346742205,gs://5aa919de-0aa0-43ec-9ec3-288481102b6d/tcga/UCEC/DNA/WGS/HMS-RK/ILLUMINA/TCGA-A5-A0GD-01A-11D-A043_120209_SN1120_0114_BC0DFVACXX_s_3_rg.sorted.bam,gs://5aa919de-0aa0-43ec-9ec3-288481102b6d/tcga/UCEC/DNA/WGS/HMS-RK/ILLUMINA/TCGA-A5-A0GD-10A-01D-A043_120504_SN208_0297_BC0VJEACXX_s_7_rg.sorted.bam
382,TCGA-A5-A0GN,TCGA-A5-A0GN-01A-11D-A043-02,TCGA-A5-A0GN-01A-11D-A043_120324_SN1120_0127_BC0L80ACXX_s_3_rg.sorted.bam,7270b44f-635f-48bf-b3c4-8042b4557613,gs://5aa919de-0aa0-43ec-9ec3-288481102b6d/tcga/UCEC/DNA/WGS/HMS-RK/ILLUMINA/TCGA-A5-A0GN-01A-11D-A043_120324_SN1120_0127_BC0L80ACXX_s_3_rg.sorted.bam,25570669422,Illumina HiSeq,TCGA-A5-A0GN-10A-01D-A043-02,TCGA-A5-A0GN-10A-01D-A043_120324_SN1120_0127_BC0L80ACXX_s_4_rg.sorted.bam,1c07f20d-3b72-45ca-8708-cd4d625736d2,gs://5aa919de-0aa0-43ec-9ec3-288481102b6d/tcga/UCEC/DNA/WGS/HMS-RK/ILLUMINA/TCGA-A5-A0GN-10A-01D-A043_120324_SN1120_0127_BC0L80ACXX_s_4_rg.sorted.bam,18071836354,Illumina HiSeq,UCEC,43642505776,gs://5aa919de-0aa0-43ec-9ec3-288481102b6d/tcga/UCEC/DNA/WGS/HMS-RK/ILLUMINA/TCGA-A5-A0GN-01A-11D-A043_120324_SN1120_0127_BC0L80ACXX_s_3_rg.sorted.bam,gs://5aa919de-0aa0-43ec-9ec3-288481102b6d/tcga/UCEC/DNA/WGS/HMS-RK/ILLUMINA/TCGA-A5-A0GN-10A-01D-A043_120324_SN1120_0127_BC0L80ACXX_s_4_rg.sorted.bam
1768,TCGA-EY-A1GC,TCGA-EY-A1GC-01A-11D-A13I-02,TCGA-EY-A1GC-01A-11D-A13I_120516_SN1222_0107_BD12HYACXX_s_5_rg.sorted.bam,e6c7f95a-f103-4fbc-a123-91eefcfbf4c2,gs://5aa919de-0aa0-43ec-9ec3-288481102b6d/tcga/UCEC/DNA/WGS/HMS-RK/ILLUMINA/TCGA-EY-A1GC-01A-11D-A13I_120516_SN1222_0107_BD12HYACXX_s_5_rg.sorted.bam,22807356541,Illumina HiSeq,TCGA-EY-A1GC-10A-01D-A13M-02,TCGA-EY-A1GC-10A-01D-A13M_120516_SN1222_0107_BD12HYACXX_s_6_rg.sorted.bam,09d75c63-a601-4014-87e9-b0ee743619ad,gs://5aa919de-0aa0-43ec-9ec3-288481102b6d/tcga/UCEC/DNA/WGS/HMS-RK/ILLUMINA/TCGA-EY-A1GC-10A-01D-A13M_120516_SN1222_0107_BD12HYACXX_s_6_rg.sorted.bam,21496199076,Illumina HiSeq,UCEC,44303555617,gs://5aa919de-0aa0-43ec-9ec3-288481102b6d/tcga/UCEC/DNA/WGS/HMS-RK/ILLUMINA/TCGA-EY-A1GC-01A-11D-A13I_120516_SN1222_0107_BD12HYACXX_s_5_rg.sorted.bam,gs://5aa919de-0aa0-43ec-9ec3-288481102b6d/tcga/UCEC/DNA/WGS/HMS-RK/ILLUMINA/TCGA-EY-A1GC-10A-01D-A13M_120516_SN1222_0107_BD12HYACXX_s_6_rg.sorted.bam
1308,TCGA-D1-A17Q,TCGA-D1-A17Q-01A-11D-A12F-02,TCGA-D1-A17Q-01A-11D-A12F_120418_SN1222_0097_AC0M28ACXX_s_2_rg.sorted.bam,77e56615-42dd-4c50-a518-cc93c3b80107,gs://5aa919de-0aa0-43ec-9ec3-288481102b6d/tcga/UCEC/DNA/WGS/HMS-RK/ILLUMINA/TCGA-D1-A17Q-01A-11D-A12F_120418_SN1222_0097_AC0M28ACXX_s_2_rg.sorted.bam,22633801389,Illumina HiSeq,TCGA-D1-A17Q-10A-01D-A12F-02,TCGA-D1-A17Q-10A-01D-A12F_120418_SN1222_0097_AC0M28ACXX_s_8_rg.sorted.bam,8534d080-820f-47f9-bb58-a7bad05321ef,gs://5aa919de-0aa0-43ec-9ec3-288481102b6d/tcga/UCEC/DNA/WGS/HMS-RK/ILLUMINA/TCGA-D1-A17Q-10A-01D-A12F_120418_SN1222_0097_AC0M28ACXX_s_8_rg.sorted.bam,21686518942,Illumina HiSeq,UCEC,44320320331,gs://5aa919de-0aa0-43ec-9ec3-288481102b6d/tcga/UCEC/DNA/WGS/HMS-RK/ILLUMINA/TCGA-D1-A17Q-01A-11D-A12F_120418_SN1222_0097_AC0M28ACXX_s_2_rg.sorted.bam,gs://5aa919de-0aa0-43ec-9ec3-288481102b6d/tcga/UCEC/DNA/WGS/HMS-RK/ILLUMINA/TCGA-D1-A17Q-10A-01D-A12F_120418_SN1222_0097_AC0M28ACXX_s_8_rg.sorted.bam
1305,TCGA-D1-A17K,TCGA-D1-A17K-01A-11D-A12F-02,TCGA-D1-A17K-01A-11D-A12F_120523_SN1222_0108_AC0VL4ACXX_s_2_rg.sorted.bam,312dd86a-5fc1-4446-bfd6-fe867e3617f2,gs://5aa919de-0aa0-43ec-9ec3-288481102b6d/tcga/UCEC/DNA/WGS/HMS-RK/ILLUMINA/TCGA-D1-A17K-01A-11D-A12F_120523_SN1222_0108_AC0VL4ACXX_s_2_rg.sorted.bam,24117967031,Illumina HiSeq,TCGA-D1-A17K-10A-01D-A12F-02,TCGA-D1-A17K-10A-01D-A12F_120523_SN1222_0108_AC0VL4ACXX_s_5_rg.sorted.bam,3aa41447-e70b-41dc-9ca0-cac568fa8e39,gs://5aa919de-0aa0-43ec-9ec3-288481102b6d/tcga/UCEC/DNA/WGS/HMS-RK/ILLUMINA/TCGA-D1-A17K-10A-01D-A12F_120523_SN1222_0108_AC0VL4ACXX_s_5_rg.sorted.bam,20564701259,Illumina HiSeq,UCEC,44682668290,gs://5aa919de-0aa0-43ec-9ec3-288481102b6d/tcga/UCEC/DNA/WGS/HMS-RK/ILLUMINA/TCGA-D1-A17K-01A-11D-A12F_120523_SN1222_0108_AC0VL4ACXX_s_2_rg.sorted.bam,gs://5aa919de-0aa0-43ec-9ec3-288481102b6d/tcga/UCEC/DNA/WGS/WUGSC/ILLUMINA/adffab3072f2a40a5ab4e59bb4a40b02.bam
1303,TCGA-D1-A17C,TCGA-D1-A17C-01A-11D-A12F-02,TCGA-D1-A17C-01A-11D-A12F_120418_SN1222_0097_AC0M28ACXX_s_1_rg.sorted.bam,554e5953-4680-4681-a963-fcc940b3f448,gs://5aa919de-0aa0-43ec-9ec3-288481102b6d/tcga/UCEC/DNA/WGS/HMS-RK/ILLUMINA/TCGA-D1-A17C-01A-11D-A12F_120418_SN1222_0097_AC0M28ACXX_s_1_rg.sorted.bam,23219356320,Illumina HiSeq,TCGA-D1-A17C-10A-01D-A12F-02,TCGA-D1-A17C-10A-01D-A12F_120418_SN1222_0097_AC0M28ACXX_s_7_rg.sorted.bam,365415a3-ae32-4590-8f15-d95fc3622cb1,gs://5aa919de-0aa0-43ec-9ec3-288481102b6d/tcga/UCEC/DNA/WGS/HMS-RK/ILLUMINA/TCGA-D1-A17C-10A-01D-A12F_120418_SN1222_0097_AC0M28ACXX_s_7_rg.sorted.bam,21777996751,Illumina HiSeq,UCEC,44997353071,gs://5aa919de-0aa0-43ec-9ec3-288481102b6d/tcga/UCEC/DNA/WGS/HMS-RK/ILLUMINA/TCGA-D1-A17C-01A-11D-A12F_120418_SN1222_0097_AC0M28ACXX_s_1_rg.sorted.bam,gs://5aa919de-0aa0-43ec-9ec3-288481102b6d/tcga/UCEC/DNA/WGS/HMS-RK/ILLUMINA/TCGA-D1-A17C-10A-01D-A12F_120418_SN1222_0097_AC0M28ACXX_s_7_rg.sorted.bam
742,TCGA-B5-A0JR,TCGA-B5-A0JR-01A-13D-A043-02,TCGA-B5-A0JR-01A-13D-A043_120403_SN1222_0094_BD0UKBACXX_s_6_rg.sorted.bam,1e3ae5a0-6439-4dba-a151-f107d43c65cf,gs://5aa919de-0aa0-43ec-9ec3-288481102b6d/tcga/UCEC/DNA/WGS/HMS-RK/ILLUMINA/TCGA-B5-A0JR-01A-13D-A043_120403_SN1222_0094_BD0UKBACXX_s_6_rg.sorted.bam,18489294946,Illumina HiSeq,TCGA-B5-A0JR-10A-01D-A043-02,TCGA-B5-A0JR-10A-01D-A043_120403_SN1222_0094_BD0UKBACXX_s_7_rg.sorted.bam,01608c11-9bd4-4e76-a8cd-b5fdf4fc19f9,gs://5aa919de-0aa0-43ec-9ec3-288481102b6d/tcga/UCEC/DNA/WGS/HMS-RK/ILLUMINA/TCGA-B5-A0JR-10A-01D-A043_120403_SN1222_0094_BD0UKBACXX_s_7_rg.sorted.bam,26669285522,Illumina HiSeq,UCEC,45158580468,gs://5aa919de-0aa0-43ec-9ec3-288481102b6d/tcga/UCEC/DNA/WGS/HMS-RK/ILLUMINA/TCGA-B5-A0JR-01A-13D-A043_120403_SN1222_0094_BD0UKBACXX_s_6_rg.sorted.bam,gs://5aa919de-0aa0-43ec-9ec3-288481102b6d/tcga/UCEC/DNA/WGS/HMS-RK/ILLUMINA/TCGA-B5-A0JR-10A-01D-A043_120403_SN1222_0094_BD0UKBACXX_s_7_rg.sorted.bam
1304,TCGA-D1-A17D,TCGA-D1-A17D-01A-12D-A12F-02,TCGA-D1-A17D-01A-12D-A12F_120522_SN208_0301_BC0VNWACXX_s_4_rg.sorted.bam,9d6f1593-568e-447d-b4f7-10048102ce8f,gs://5aa919de-0aa0-43ec-9ec3-288481102b6d/tcga/UCEC/DNA/WGS/HMS-RK/ILLUMINA/TCGA-D1-A17D-01A-12D-A12F_120522_SN208_0301_BC0VNWACXX_s_4_rg.sorted.bam,21206849236,Illumina HiSeq,TCGA-D1-A17D-10A-01D-A12F-02,TCGA-D1-A17D-10A-01D-A12F_120522_SN208_0301_BC0VNWACXX_s_8_rg.sorted.bam,4d8ddec6-ce87-4279-80bf-9cbbee45d1e7,gs://5aa919de-0aa0-43ec-9ec3-288481102b6d/tcga/UCEC/DNA/WGS/HMS-RK/ILLUMINA/TCGA-D1-A17D-10A-01D-A12F_120522_SN208_0301_BC0VNWACXX_s_8_rg.sorted.bam,24324153414,Illumina HiSeq,UCEC,45531002650,gs://5aa919de-0aa0-43ec-9ec3-288481102b6d/tcga/UCEC/DNA/WGS/HMS-RK/ILLUMINA/TCGA-D1-A17D-01A-12D-A12F_120522_SN208_0301_BC0VNWACXX_s_4_rg.sorted.bam,gs://5aa919de-0aa0-43ec-9ec3-288481102b6d/tcga/UCEC/DNA/WGS/HMS-RK/ILLUMINA/TCGA-D1-A17D-10A-01D-A12F_120522_SN208_0301_BC0VNWACXX_s_8_rg.sorted.bam
1290,TCGA-D1-A168,TCGA-D1-A168-01A-31D-A12F-02,TCGA-D1-A168-01A-31D-A12F_120413_SN1120_0133_BC0J8UACXX_s_6_rg.sorted.bam,f7d0c63d-0a01-4ff3-b721-3c10692581ca,gs://5aa919de-0aa0-43ec-9ec3-288481102b6d/tcga/UCEC/DNA/WGS/HMS-RK/ILLUMINA/TCGA-D1-A168-01A-31D-A12F_120413_SN1120_0133_BC0J8UACXX_s_6_rg.sorted.bam,15411421402,Illumina HiSeq,TCGA-D1-A168-10A-01D-A12F-02,TCGA-D1-A168-10A-01D-A12F_120420_SN208_0286_BD0T87ACXX_s_8_rg.sorted.bam,274b9d8f-b7c4-4462-bea7-dc245a19a39b,gs://5aa919de-0aa0-43ec-9ec3-288481102b6d/tcga/UCEC/DNA/WGS/HMS-RK/ILLUMINA/TCGA-D1-A168-10A-01D-A12F_120420_SN208_0286_BD0T87ACXX_s_8_rg.sorted.bam,30323886063,Illumina HiSeq,UCEC,45735307465,gs://5aa919de-0aa0-43ec-9ec3-288481102b6d/tcga/UCEC/DNA/WGS/HMS-RK/ILLUMINA/TCGA-D1-A168-01A-31D-A12F_120413_SN1120_0133_BC0J8UACXX_s_6_rg.sorted.bam,gs://5aa919de-0aa0-43ec-9ec3-288481102b6d/tcga/UCEC/DNA/WGS/HMS-RK/ILLUMINA/TCGA-D1-A168-10A-01D-A12F_120420_SN208_0286_BD0T87ACXX_s_8_rg.sorted.bam
380,TCGA-A5-A0GJ,TCGA-A5-A0GJ-01A-11D-A043-02,TCGA-A5-A0GJ-01A-11D-A043_120318_SN590_0146_AC0KH7ACXX_s_7_rg.sorted.bam,d5b73d0f-c14a-4a54-a8e1-14bc027cfef5,gs://5aa919de-0aa0-43ec-9ec3-288481102b6d/tcga/UCEC/DNA/WGS/HMS-RK/ILLUMINA/TCGA-A5-A0GJ-01A-11D-A043_120318_SN590_0146_AC0KH7ACXX_s_7_rg.sorted.bam,25475899106,Illumina HiSeq,TCGA-A5-A0GJ-10A-01D-A043-02,TCGA-A5-A0GJ-10A-01D-A043_120318_SN590_0146_AC0KH7ACXX_s_8_rg.sorted.bam,19ffb6c4-bc21-4995-b962-527122ff1061,gs://5aa919de-0aa0-43ec-9ec3-288481102b6d/tcga/UCEC/DNA/WGS/HMS-RK/ILLUMINA/TCGA-A5-A0GJ-10A-01D-A043_120318_SN590_0146_AC0KH7ACXX_s_8_rg.sorted.bam,20961637630,Illumina HiSeq,UCEC,46437536736,gs://5aa919de-0aa0-43ec-9ec3-288481102b6d/tcga/UCEC/DNA/WGS/WUGSC/ILLUMINA/7bb361e97c34cfa7d98b7297a5f65604.bam,gs://5aa919de-0aa0-43ec-9ec3-288481102b6d/tcga/UCEC/DNA/WGS/WUGSC/ILLUMINA/9bcdd395d21fe21860b2a4e5833d1d6c.bam
829,TCGA-BG-A0MS,TCGA-BG-A0MS-01A-11D-A101-02,TCGA-BG-A0MS-01A-11D-A101_120330_SN1120_0129_BD0UCLACXX_s_7_rg.sorted.bam,71c1fd79-298f-43fd-82ba-a1a2228aaa51,gs://5aa919de-0aa0-43ec-9ec3-288481102b6d/tcga/UCEC/DNA/WGS/HMS-RK/ILLUMINA/TCGA-BG-A0MS-01A-11D-A101_120330_SN1120_0129_BD0UCLACXX_s_7_rg.sorted.bam,22262418910,Illumina HiSeq,TCGA-BG-A0MS-10A-02D-A101-02,TCGA-BG-A0MS-10A-02D-A101_120406_SN208_0281_AC0KDBACXX_s_8_rg.sorted.bam,8c7d0948-d0c3-4bd5-bd25-bf8b70f1e346,gs://5aa919de-0aa0-43ec-9ec3-288481102b6d/tcga/UCEC/DNA/WGS/HMS-RK/ILLUMINA/TCGA-BG-A0MS-10A-02D-A101_120406_SN208_0281_AC0KDBACXX_s_8_rg.sorted.bam,24709229982,Illumina HiSeq,UCEC,46971648892,gs://5aa919de-0aa0-43ec-9ec3-288481102b6d/tcga/UCEC/DNA/WGS/HMS-RK/ILLUMINA/TCGA-BG-A0MS-01A-11D-A101_120330_SN1120_0129_BD0UCLACXX_s_7_rg.sorted.bam,gs://5aa919de-0aa0-43ec-9ec3-288481102b6d/tcga/UCEC/DNA/WGS/HMS-RK/ILLUMINA/TCGA-BG-A0MS-10A-02D-A101_120406_SN208_0281_AC0KDBACXX_s_8_rg.sorted.bam
1300,TCGA-D1-A174,TCGA-D1-A174-01A-11D-A12F-02,TCGA-D1-A174-01A-11D-A12F_120522_SN208_0301_BC0VNWACXX_s_3_rg.sorted.bam,6ec3f35d-55a7-439a-b179-8a4aebcab751,gs://5aa919de-0aa0-43ec-9ec3-288481102b6d/tcga/UCEC/DNA/WGS/HMS-RK/ILLUMINA/TCGA-D1-A174-01A-11D-A12F_120522_SN208_0301_BC0VNWACXX_s_3_rg.sorted.bam,20891795607,Illumina HiSeq,TCGA-D1-A174-10A-01D-A12F-02,TCGA-D1-A174-10A-01D-A12F_120522_SN208_0301_BC0VNWACXX_s_7_rg.sorted.bam,7bc53b59-d263-430d-89c8-bd97fad697f4,gs://5aa919de-0aa0-43ec-9ec3-288481102b6d/tcga/UCEC/DNA/WGS/HMS-RK/ILLUMINA/TCGA-D1-A174-10A-01D-A12F_120522_SN208_0301_BC0VNWACXX_s_7_rg.sorted.bam,26165141097,Illumina HiSeq,UCEC,47056936704,gs://5aa919de-0aa0-43ec-9ec3-288481102b6d/tcga/UCEC/DNA/WGS/HMS-RK/ILLUMINA/TCGA-D1-A174-01A-11D-A12F_120522_SN208_0301_BC0VNWACXX_s_3_rg.sorted.bam,gs://5aa919de-0aa0-43ec-9ec3-288481102b6d/tcga/UCEC/DNA/WGS/HMS-RK/ILLUMINA/TCGA-D1-A174-10A-01D-A12F_120522_SN208_0301_BC0VNWACXX_s_7_rg.sorted.bam
1296,TCGA-D1-A16N,TCGA-D1-A16N-01A-11D-A12F-02,TCGA-D1-A16N-01A-11D-A12F_120522_SN208_0301_BC0VNWACXX_s_2_rg.sorted.bam,0cea9a43-7170-4273-879f-084cb6e14196,gs://5aa919de-0aa0-43ec-9ec3-288481102b6d/tcga/UCEC/DNA/WGS/HMS-RK/ILLUMINA/TCGA-D1-A16N-01A-11D-A12F_120522_SN208_0301_BC0VNWACXX_s_2_rg.sorted.bam,22458576115,Illumina HiSeq,TCGA-D1-A16N-10A-01D-A12F-02,TCGA-D1-A16N-10A-01D-A12F_120522_SN208_0301_BC0VNWACXX_s_6_rg.sorted.bam,698a6ab3-cc32-4d8b-b438-d175d822590a,gs://5aa919de-0aa0-43ec-9ec3-288481102b6d/tcga/UCEC/DNA/WGS/HMS-RK/ILLUMINA/TCGA-D1-A16N-10A-01D-A12F_120522_SN208_0301_BC0VNWACXX_s_6_rg.sorted.bam,24823211640,Illumina HiSeq,UCEC,47281787755,gs://5aa919de-0aa0-43ec-9ec3-288481102b6d/tcga/UCEC/DNA/WGS/HMS-RK/ILLUMINA/TCGA-D1-A16N-01A-11D-A12F_120522_SN208_0301_BC0VNWACXX_s_2_rg.sorted.bam,gs://5aa919de-0aa0-43ec-9ec3-288481102b6d/tcga/UCEC/DNA/WGS/HMS-RK/ILLUMINA/TCGA-D1-A16N-10A-01D-A12F_120522_SN208_0301_BC0VNWACXX_s_6_rg.sorted.bam
1298,TCGA-D1-A16R,TCGA-D1-A16R-01A-11D-A12F-02,TCGA-D1-A16R-01A-11D-A12F_120523_SN1222_0109_BD12MPACXX_s_5_rg.sorted.bam,3574ade8-f6bc-44dc-94ce-8ea657978707,gs://5aa919de-0aa0-43ec-9ec3-288481102b6d/tcga/UCEC/DNA/WGS/HMS-RK/ILLUMINA/TCGA-D1-A16R-01A-11D-A12F_120523_SN1222_0109_BD12MPACXX_s_5_rg.sorted.bam,23758143211,Illumina HiSeq,TCGA-D1-A16R-10A-01D-A12F-02,TCGA-D1-A16R-10A-01D-A12F_120523_SN1222_0109_BD12MPACXX_s_8_rg.sorted.bam,45cdae94-4e58-421e-8995-cd60304a0aa5,gs://5aa919de-0aa0-43ec-9ec3-288481102b6d/tcga/UCEC/DNA/WGS/HMS-RK/ILLUMINA/TCGA-D1-A16R-10A-01D-A12F_120523_SN1222_0109_BD12MPACXX_s_8_rg.sorted.bam,24378105527,Illumina HiSeq,UCEC,48136248738,gs://5aa919de-0aa0-43ec-9ec3-288481102b6d/tcga/UCEC/DNA/WGS/HMS-RK/ILLUMINA/TCGA-D1-A16R-01A-11D-A12F_120523_SN1222_0109_BD12MPACXX_s_5_rg.sorted.bam,gs://5aa919de-0aa0-43ec-9ec3-288481102b6d/tcga/UCEC/DNA/WGS/HMS-RK/ILLUMINA/TCGA-D1-A16R-10A-01D-A12F_120523_SN1222_0109_BD12MPACXX_s_8_rg.sorted.bam
834,TCGA-BG-A18A,TCGA-BG-A18A-01A-21D-A12F-02,TCGA-BG-A18A-01A-21D-A12F_120626_SN590_0163_AC0VU5ACXX_s_7_rg.sorted.bam,cf06b397-1811-4a38-93b4-05f1457e9882,gs://5aa919de-0aa0-43ec-9ec3-288481102b6d/tcga/UCEC/DNA/WGS/HMS-RK/ILLUMINA/TCGA-BG-A18A-01A-21D-A12F_120626_SN590_0163_AC0VU5ACXX_s_7_rg.sorted.bam,22072517603,Illumina HiSeq,TCGA-BG-A18A-10A-01D-A12F-02,TCGA-BG-A18A-10A-01D-A12F_120626_SN590_0163_AC0VU5ACXX_s_8_rg.sorted.bam,dd3a2d63-837e-4868-bd5b-558c9555fa7b,gs://5aa919de-0aa0-43ec-9ec3-288481102b6d/tcga/UCEC/DNA/WGS/HMS-RK/ILLUMINA/TCGA-BG-A18A-10A-01D-A12F_120626_SN590_0163_AC0VU5ACXX_s_8_rg.sorted.bam,26086170362,Illumina HiSeq,UCEC,48158687965,gs://5aa919de-0aa0-43ec-9ec3-288481102b6d/tcga/UCEC/DNA/WGS/HMS-RK/ILLUMINA/TCGA-BG-A18A-01A-21D-A12F_120626_SN590_0163_AC0VU5ACXX_s_7_rg.sorted.bam,gs://5aa919de-0aa0-43ec-9ec3-288481102b6d/tcga/UCEC/DNA/WGS/HMS-RK/ILLUMINA/TCGA-BG-A18A-10A-01D-A12F_120626_SN590_0163_AC0VU5ACXX_s_8_rg.sorted.bam
690,TCGA-AP-A0LL,TCGA-AP-A0LL-01A-12D-A101-02,TCGA-AP-A0LL-01A-12D-A101_120330_SN208_0279_BC0L73ACXX_s_3_rg.sorted.bam,0ea2fbb0-cc11-44d9-9706-2523b9d268be,gs://5aa919de-0aa0-43ec-9ec3-288481102b6d/tcga/UCEC/DNA/WGS/HMS-RK/ILLUMINA/TCGA-AP-A0LL-01A-12D-A101_120330_SN208_0279_BC0L73ACXX_s_3_rg.sorted.bam,22308489318,Illumina HiSeq,TCGA-AP-A0LL-10A-01D-A101-02,TCGA-AP-A0LL-10A-01D-A101_120406_SN208_0281_AC0KDBACXX_s_4_rg.sorted.bam,e415e9ef-bee6-4c78-a8a2-07929e59fbfe,gs://5aa919de-0aa0-43ec-9ec3-288481102b6d/tcga/UCEC/DNA/WGS/HMS-RK/ILLUMINA/TCGA-AP-A0LL-10A-01D-A101_120406_SN208_0281_AC0KDBACXX_s_4_rg.sorted.bam,26191822700,Illumina HiSeq,UCEC,48500312018,gs://5aa919de-0aa0-43ec-9ec3-288481102b6d/tcga/UCEC/DNA/WGS/WUGSC/ILLUMINA/5e859f6467c712851a78fd973b655dc1.bam,gs://5aa919de-0aa0-43ec-9ec3-288481102b6d/tcga/UCEC/DNA/WGS/HMS-RK/ILLUMINA/TCGA-AP-A0LL-10A-01D-A101_120406_SN208_0281_AC0KDBACXX_s_4_rg.sorted.bam
824,TCGA-BG-A0M9,TCGA-BG-A0M9-01A-21D-A101-02,TCGA-BG-A0M9-01A-21D-A101_120330_SN1120_0129_BD0UCLACXX_s_4_rg.sorted.bam,633f3cff-14c3-45f7-b568-caa86760d863,gs://5aa919de-0aa0-43ec-9ec3-288481102b6d/tcga/UCEC/DNA/WGS/HMS-RK/ILLUMINA/TCGA-BG-A0M9-01A-21D-A101_120330_SN1120_0129_BD0UCLACXX_s_4_rg.sorted.bam,21779761248,Illumina HiSeq,TCGA-BG-A0M9-10A-01D-A101-02,TCGA-BG-A0M9-10A-01D-A101_120406_SN208_0281_AC0KDBACXX_s_6_rg.sorted.bam,2526461b-6bcd-4565-bb28-611a41d4286a,gs://5aa919de-0aa0-43ec-9ec3-288481102b6d/tcga/UCEC/DNA/WGS/HMS-RK/ILLUMINA/TCGA-BG-A0M9-10A-01D-A101_120406_SN208_0281_AC0KDBACXX_s_6_rg.sorted.bam,27230657696,Illumina HiSeq,UCEC,49010418944,gs://5aa919de-0aa0-43ec-9ec3-288481102b6d/tcga/UCEC/DNA/WGS/HMS-RK/ILLUMINA/TCGA-BG-A0M9-01A-21D-A101_120330_SN1120_0129_BD0UCLACXX_s_4_rg.sorted.bam,gs://5aa919de-0aa0-43ec-9ec3-288481102b6d/tcga/UCEC/DNA/WGS/HMS-RK/ILLUMINA/TCGA-BG-A0M9-10A-01D-A101_120406_SN208_0281_AC0KDBACXX_s_6_rg.sorted.bam
1291,TCGA-D1-A169,TCGA-D1-A169-01A-11D-A12F-02,TCGA-D1-A169-01A-11D-A12F_120522_SN208_0301_BC0VNWACXX_s_1_rg.sorted.bam,43a5a914-7913-4e5e-9d2f-42fcec7bab2f,gs://5aa919de-0aa0-43ec-9ec3-288481102b6d/tcga/UCEC/DNA/WGS/HMS-RK/ILLUMINA/TCGA-D1-A169-01A-11D-A12F_120522_SN208_0301_BC0VNWACXX_s_1_rg.sorted.bam,21458740055,Illumina HiSeq,TCGA-D1-A169-10A-01D-A12F-02,TCGA-D1-A169-10A-01D-A12F_120522_SN208_0301_BC0VNWACXX_s_5_rg.sorted.bam,8e7ebc74-1345-499c-82c8-6a3a7f866edc,gs://5aa919de-0aa0-43ec-9ec3-288481102b6d/tcga/UCEC/DNA/WGS/HMS-RK/ILLUMINA/TCGA-D1-A169-10A-01D-A12F_120522_SN208_0301_BC0VNWACXX_s_5_rg.sorted.bam,27665659919,Illumina HiSeq,UCEC,49124399974,gs://5aa919de-0aa0-43ec-9ec3-288481102b6d/tcga/UCEC/DNA/WGS/HMS-RK/ILLUMINA/TCGA-D1-A169-01A-11D-A12F_120522_SN208_0301_BC0VNWACXX_s_1_rg.sorted.bam,gs://5aa919de-0aa0-43ec-9ec3-288481102b6d/tcga/UCEC/DNA/WGS/HMS-RK/ILLUMINA/TCGA-D1-A169-10A-01D-A12F_120522_SN208_0301_BC0VNWACXX_s_5_rg.sorted.bam
384,TCGA-A5-A0GV,TCGA-A5-A0GV-01A-31D-A043-02,TCGA-A5-A0GV-01A-31D-A043_120214_SN590_0139_BC0DYEACXX_s_3_rg.sorted.bam,c99f6cb7-44cc-4045-a0f6-4fec580e964c,gs://5aa919de-0aa0-43ec-9ec3-288481102b6d/tcga/UCEC/DNA/WGS/HMS-RK/ILLUMINA/TCGA-A5-A0GV-01A-31D-A043_120214_SN590_0139_BC0DYEACXX_s_3_rg.sorted.bam,20757591025,Illumina HiSeq,TCGA-A5-A0GV-10A-01D-A043-02,TCGA-A5-A0GV-10A-01D-A043_120214_SN590_0139_BC0DYEACXX_s_4_rg.sorted.bam,640286f9-ba4e-441b-baf8-e2ed40a65578,gs://5aa919de-0aa0-43ec-9ec3-288481102b6d/tcga/UCEC/DNA/WGS/HMS-RK/ILLUMINA/TCGA-A5-A0GV-10A-01D-A043_120214_SN590_0139_BC0DYEACXX_s_4_rg.sorted.bam,29865375224,Illumina HiSeq,UCEC,50622966249,gs://5aa919de-0aa0-43ec-9ec3-288481102b6d/tcga/UCEC/DNA/WGS/HMS-RK/ILLUMINA/TCGA-A5-A0GV-01A-31D-A043_120214_SN590_0139_BC0DYEACXX_s_3_rg.sorted.bam,gs://5aa919de-0aa0-43ec-9ec3-288481102b6d/tcga/UCEC/DNA/WGS/HMS-RK/ILLUMINA/TCGA-A5-A0GV-10A-01D-A043_120214_SN590_0139_BC0DYEACXX_s_4_rg.sorted.bam
1310,TCGA-D1-A17U,TCGA-D1-A17U-01A-21D-A12F-02,TCGA-D1-A17U-01A-21D-A12F_120523_SN1222_0108_AC0VL4ACXX_s_3_rg.sorted.bam,8d00983f-b836-41a9-a4b9-51c75b4452a8,gs://5aa919de-0aa0-43ec-9ec3-288481102b6d/tcga/UCEC/DNA/WGS/HMS-RK/ILLUMINA/TCGA-D1-A17U-01A-21D-A12F_120523_SN1222_0108_AC0VL4ACXX_s_3_rg.sorted.bam,26329889374,Illumina HiSeq,TCGA-D1-A17U-10A-01D-A12F-02,TCGA-D1-A17U-10A-01D-A12F_120523_SN1222_0108_AC0VL4ACXX_s_6_rg.sorted.bam,02e3a4e4-e14c-48a7-9e6a-b797f4038cd9,gs://5aa919de-0aa0-43ec-9ec3-288481102b6d/tcga/UCEC/DNA/WGS/HMS-RK/ILLUMINA/TCGA-D1-A17U-10A-01D-A12F_120523_SN1222_0108_AC0VL4ACXX_s_6_rg.sorted.bam,24972188308,Illumina HiSeq,UCEC,51302077682,gs://5aa919de-0aa0-43ec-9ec3-288481102b6d/tcga/UCEC/DNA/WGS/HMS-RK/ILLUMINA/TCGA-D1-A17U-01A-21D-A12F_120523_SN1222_0108_AC0VL4ACXX_s_3_rg.sorted.bam,gs://5aa919de-0aa0-43ec-9ec3-288481102b6d/tcga/UCEC/DNA/WGS/HMS-RK/ILLUMINA/TCGA-D1-A17U-10A-01D-A12F_120523_SN1222_0108_AC0VL4ACXX_s_6_rg.sorted.bam
970,TCGA-BS-A0UM,TCGA-BS-A0UM-01A-11D-A101-02,TCGA-BS-A0UM-01A-11D-A101_120622_SN1120_0155_AC0WVLACXX_s_1_rg.sorted.bam,942f9e1e-4e57-4325-a7d0-0a464cda140a,gs://5aa919de-0aa0-43ec-9ec3-288481102b6d/tcga/UCEC/DNA/WGS/HMS-RK/ILLUMINA/TCGA-BS-A0UM-01A-11D-A101_120622_SN1120_0155_AC0WVLACXX_s_1_rg.sorted.bam,25948044864,Illumina HiSeq,TCGA-BS-A0UM-10A-01D-A101-02,TCGA-BS-A0UM-10A-01D-A101_120409_SN1222_0096_BD0VA2ACXX_s_3_rg.sorted.bam,e06c3a0d-7216-434e-aea1-0b79cfac3269,gs://5aa919de-0aa0-43ec-9ec3-288481102b6d/tcga/UCEC/DNA/WGS/HMS-RK/ILLUMINA/TCGA-BS-A0UM-10A-01D-A101_120409_SN1222_0096_BD0VA2ACXX_s_3_rg.sorted.bam,25642621283,Illumina HiSeq,UCEC,51590666147,gs://5aa919de-0aa0-43ec-9ec3-288481102b6d/tcga/UCEC/DNA/WGS/HMS-RK/ILLUMINA/TCGA-BS-A0UM-01A-11D-A101_120622_SN1120_0155_AC0WVLACXX_s_1_rg.sorted.bam,gs://5aa919de-0aa0-43ec-9ec3-288481102b6d/tcga/UCEC/DNA/WGS/HMS-RK/ILLUMINA/TCGA-BS-A0UM-10A-01D-A101_120409_SN1222_0096_BD0VA2ACXX_s_3_rg.sorted.bam
1301,TCGA-D1-A177,TCGA-D1-A177-01A-21D-A12F-02,TCGA-D1-A177-01A-21D-A12F_120523_SN1222_0108_AC0VL4ACXX_s_1_rg.sorted.bam,cf08e174-408a-4212-8caf-72692bcb55af,gs://5aa919de-0aa0-43ec-9ec3-288481102b6d/tcga/UCEC/DNA/WGS/HMS-RK/ILLUMINA/TCGA-D1-A177-01A-21D-A12F_120523_SN1222_0108_AC0VL4ACXX_s_1_rg.sorted.bam,26859666166,Illumina HiSeq,TCGA-D1-A177-10A-01D-A12F-02,TCGA-D1-A177-10A-01D-A12F_120523_SN1222_0108_AC0VL4ACXX_s_4_rg.sorted.bam,ab2de74e-7320-4840-9096-c45534d1108c,gs://5aa919de-0aa0-43ec-9ec3-288481102b6d/tcga/UCEC/DNA/WGS/HMS-RK/ILLUMINA/TCGA-D1-A177-10A-01D-A12F_120523_SN1222_0108_AC0VL4ACXX_s_4_rg.sorted.bam,25724244823,Illumina HiSeq,UCEC,52583910989,gs://5aa919de-0aa0-43ec-9ec3-288481102b6d/tcga/UCEC/DNA/WGS/HMS-RK/ILLUMINA/TCGA-D1-A177-01A-21D-A12F_120523_SN1222_0108_AC0VL4ACXX_s_1_rg.sorted.bam,gs://5aa919de-0aa0-43ec-9ec3-288481102b6d/tcga/UCEC/DNA/WGS/HMS-RK/ILLUMINA/TCGA-D1-A177-10A-01D-A12F_120523_SN1222_0108_AC0VL4ACXX_s_4_rg.sorted.bam
825,TCGA-BG-A0MC,TCGA-BG-A0MC-01A-21D-A043-02,TCGA-BG-A0MC-01A-21D-A043_120530_SN1222_0110_AC0VLAACXX_s_1_rg.sorted.bam,db9c9c51-2c42-4a56-a87d-9c01038c4e6f,gs://5aa919de-0aa0-43ec-9ec3-288481102b6d/tcga/UCEC/DNA/WGS/HMS-RK/ILLUMINA/TCGA-BG-A0MC-01A-21D-A043_120530_SN1222_0110_AC0VLAACXX_s_1_rg.sorted.bam,31302616641,Illumina HiSeq,TCGA-BG-A0MC-10A-01D-A043-02,TCGA-BG-A0MC-10A-01D-A043_120530_SN1222_0110_AC0VLAACXX_s_2_rg.sorted.bam,653d9980-8bbe-49a2-804c-6684090ddf62,gs://5aa919de-0aa0-43ec-9ec3-288481102b6d/tcga/UCEC/DNA/WGS/HMS-RK/ILLUMINA/TCGA-BG-A0MC-10A-01D-A043_120530_SN1222_0110_AC0VLAACXX_s_2_rg.sorted.bam,21527892170,Illumina HiSeq,UCEC,52830508811,gs://5aa919de-0aa0-43ec-9ec3-288481102b6d/tcga/UCEC/DNA/WGS/HMS-RK/ILLUMINA/TCGA-BG-A0MC-01A-21D-A043_120530_SN1222_0110_AC0VLAACXX_s_1_rg.sorted.bam,gs://5aa919de-0aa0-43ec-9ec3-288481102b6d/tcga/UCEC/DNA/WGS/HMS-RK/ILLUMINA/TCGA-BG-A0MC-10A-01D-A043_120530_SN1222_0110_AC0VLAACXX_s_2_rg.sorted.bam
386,TCGA-A5-A0GX,TCGA-A5-A0GX-01A-11D-A043-02,TCGA-A5-A0GX-01A-11D-A043_120504_SN590_0156_BC0H68ACXX_s_2_rg.sorted.bam,cae767f1-aaee-4821-aa36-3ceb0b1756e8,gs://5aa919de-0aa0-43ec-9ec3-288481102b6d/tcga/UCEC/DNA/WGS/HMS-RK/ILLUMINA/TCGA-A5-A0GX-01A-11D-A043_120504_SN590_0156_BC0H68ACXX_s_2_rg.sorted.bam,27601197892,Illumina HiSeq,TCGA-A5-A0GX-10A-01D-A043-02,TCGA-A5-A0GX-10A-01D-A043_120327_SN590_0148_BC0LM8ACXX_s_8_rg.sorted.bam,70c8aa33-5105-415c-b6a3-a247449de2dc,gs://5aa919de-0aa0-43ec-9ec3-288481102b6d/tcga/UCEC/DNA/WGS/HMS-RK/ILLUMINA/TCGA-A5-A0GX-10A-01D-A043_120327_SN590_0148_BC0LM8ACXX_s_8_rg.sorted.bam,25876310761,Illumina HiSeq,UCEC,53477508653,gs://5aa919de-0aa0-43ec-9ec3-288481102b6d/tcga/UCEC/DNA/WGS/HMS-RK/ILLUMINA/TCGA-A5-A0GX-01A-11D-A043_120504_SN590_0156_BC0H68ACXX_s_2_rg.sorted.bam,gs://5aa919de-0aa0-43ec-9ec3-288481102b6d/tcga/UCEC/DNA/WGS/HMS-RK/ILLUMINA/TCGA-A5-A0GX-10A-01D-A043_120327_SN590_0148_BC0LM8ACXX_s_8_rg.sorted.bam
1309,TCGA-D1-A17R,TCGA-D1-A17R-01A-11D-A12F-02,TCGA-D1-A17R-01A-11D-A12F_120523_SN1222_0109_BD12MPACXX_s_1_rg.sorted.bam,5425360b-22c2-480d-aa90-d7b4b67dad49,gs://5aa919de-0aa0-43ec-9ec3-288481102b6d/tcga/UCEC/DNA/WGS/HMS-RK/ILLUMINA/TCGA-D1-A17R-01A-11D-A12F_120523_SN1222_0109_BD12MPACXX_s_1_rg.sorted.bam,23342526139,Illumina HiSeq,TCGA-D1-A17R-10A-01D-A12F-02,TCGA-D1-A17R-10A-01D-A12F_120523_SN1222_0109_BD12MPACXX_s_2_rg.sorted.bam,c8e63bfe-78b9-440d-bab8-d90db0329891,gs://5aa919de-0aa0-43ec-9ec3-288481102b6d/tcga/UCEC/DNA/WGS/HMS-RK/ILLUMINA/TCGA-D1-A17R-10A-01D-A12F_120523_SN1222_0109_BD12MPACXX_s_2_rg.sorted.bam,30146139991,Illumina HiSeq,UCEC,53488666130,gs://5aa919de-0aa0-43ec-9ec3-288481102b6d/tcga/UCEC/DNA/WGS/HMS-RK/ILLUMINA/TCGA-D1-A17R-01A-11D-A12F_120523_SN1222_0109_BD12MPACXX_s_1_rg.sorted.bam,gs://5aa919de-0aa0-43ec-9ec3-288481102b6d/tcga/UCEC/DNA/WGS/HMS-RK/ILLUMINA/TCGA-D1-A17R-10A-01D-A12F_120523_SN1222_0109_BD12MPACXX_s_2_rg.sorted.bam
692,TCGA-AP-A0LO,TCGA-AP-A0LO-01A-11D-A043-02,TCGA-AP-A0LO-01A-11D-A043_120318_SN590_0147_BD0U3RACXX_s_7_rg.sorted.bam,4726575a-1ad0-471a-8a8e-26eb668681f2,gs://5aa919de-0aa0-43ec-9ec3-288481102b6d/tcga/UCEC/DNA/WGS/HMS-RK/ILLUMINA/TCGA-AP-A0LO-01A-11D-A043_120318_SN590_0147_BD0U3RACXX_s_7_rg.sorted.bam,26578537029,Illumina HiSeq,TCGA-AP-A0LO-10A-01D-A043-02,TCGA-AP-A0LO-10A-01D-A043_120327_SN590_0148_BC0LM8ACXX_s_5_rg.sorted.bam,4486708d-e7b7-4dbc-868e-487277d40b95,gs://5aa919de-0aa0-43ec-9ec3-288481102b6d/tcga/UCEC/DNA/WGS/HMS-RK/ILLUMINA/TCGA-AP-A0LO-10A-01D-A043_120327_SN590_0148_BC0LM8ACXX_s_5_rg.sorted.bam,28351697246,Illumina HiSeq,UCEC,54930234275,gs://5aa919de-0aa0-43ec-9ec3-288481102b6d/tcga/UCEC/DNA/WGS/HMS-RK/ILLUMINA/TCGA-AP-A0LO-01A-11D-A043_120318_SN590_0147_BD0U3RACXX_s_7_rg.sorted.bam,gs://5aa919de-0aa0-43ec-9ec3-288481102b6d/tcga/UCEC/DNA/WGS/WUGSC/ILLUMINA/9a3623ca36e06ee9d500dc34c0a877e8.bam
689,TCGA-AP-A0LJ,TCGA-AP-A0LJ-01A-11D-A043-02,TCGA-AP-A0LJ-01A-11D-A043_120324_SN1120_0127_BC0L80ACXX_s_7_rg.sorted.bam,c3705d55-9194-4d83-9162-41aae551e016,gs://5aa919de-0aa0-43ec-9ec3-288481102b6d/tcga/UCEC/DNA/WGS/HMS-RK/ILLUMINA/TCGA-AP-A0LJ-01A-11D-A043_120324_SN1120_0127_BC0L80ACXX_s_7_rg.sorted.bam,31575396583,Illumina HiSeq,TCGA-AP-A0LJ-10A-01D-A043-02,TCGA-AP-A0LJ-10A-01D-A043_120324_SN1120_0127_BC0L80ACXX_s_8_rg.sorted.bam,621545f7-ce7d-481d-95ca-f241098c48d1,gs://5aa919de-0aa0-43ec-9ec3-288481102b6d/tcga/UCEC/DNA/WGS/HMS-RK/ILLUMINA/TCGA-AP-A0LJ-10A-01D-A043_120324_SN1120_0127_BC0L80ACXX_s_8_rg.sorted.bam,23976390100,Illumina HiSeq,UCEC,55551786683,gs://5aa919de-0aa0-43ec-9ec3-288481102b6d/tcga/UCEC/DNA/WGS/HMS-RK/ILLUMINA/TCGA-AP-A0LJ-01A-11D-A043_120324_SN1120_0127_BC0L80ACXX_s_7_rg.sorted.bam,gs://5aa919de-0aa0-43ec-9ec3-288481102b6d/tcga/UCEC/DNA/WGS/HMS-RK/ILLUMINA/TCGA-AP-A0LJ-10A-01D-A043_120324_SN1120_0127_BC0L80ACXX_s_8_rg.sorted.bam
1294,TCGA-D1-A16E,TCGA-D1-A16E-01A-22D-A12F-02,TCGA-D1-A16E-01A-22D-A12F_120523_SN1222_0109_BD12MPACXX_s_4_rg.sorted.bam,d5fd8d77-e4f4-4b13-b244-0dbbc2f74021,gs://5aa919de-0aa0-43ec-9ec3-288481102b6d/tcga/UCEC/DNA/WGS/HMS-RK/ILLUMINA/TCGA-D1-A16E-01A-22D-A12F_120523_SN1222_0109_BD12MPACXX_s_4_rg.sorted.bam,25701101550,Illumina HiSeq,TCGA-D1-A16E-10A-01D-A12F-02,TCGA-D1-A16E-10A-01D-A12F_120523_SN1222_0109_BD12MPACXX_s_7_rg.sorted.bam,8acc5ebb-d186-4dee-8bf1-22525966499f,gs://5aa919de-0aa0-43ec-9ec3-288481102b6d/tcga/UCEC/DNA/WGS/HMS-RK/ILLUMINA/TCGA-D1-A16E-10A-01D-A12F_120523_SN1222_0109_BD12MPACXX_s_7_rg.sorted.bam,31878000106,Illumina HiSeq,UCEC,57579101656,gs://5aa919de-0aa0-43ec-9ec3-288481102b6d/tcga/UCEC/DNA/WGS/HMS-RK/ILLUMINA/TCGA-D1-A16E-01A-22D-A12F_120523_SN1222_0109_BD12MPACXX_s_4_rg.sorted.bam,gs://5aa919de-0aa0-43ec-9ec3-288481102b6d/tcga/UCEC/DNA/WGS/HMS-RK/ILLUMINA/TCGA-D1-A16E-10A-01D-A12F_120523_SN1222_0109_BD12MPACXX_s_7_rg.sorted.bam
816,TCGA-BG-A0LW,TCGA-BG-A0LW-01A-11D-A043-02,TCGA-BG-A0LW-01A-11D-A043_120214_SN590_0138_AC0E8HACXX_s_5_rg.sorted.bam,89430da6-f21d-4534-8b48-c645836813b5,gs://5aa919de-0aa0-43ec-9ec3-288481102b6d/tcga/UCEC/DNA/WGS/HMS-RK/ILLUMINA/TCGA-BG-A0LW-01A-11D-A043_120214_SN590_0138_AC0E8HACXX_s_5_rg.sorted.bam,27934118109,Illumina HiSeq,TCGA-BG-A0LW-10A-01D-A043-02,TCGA-BG-A0LW-10A-01D-A043_120214_SN590_0138_AC0E8HACXX_s_6_rg.sorted.bam,1eb12505-9633-4851-9fc4-409b41c55970,gs://5aa919de-0aa0-43ec-9ec3-288481102b6d/tcga/UCEC/DNA/WGS/HMS-RK/ILLUMINA/TCGA-BG-A0LW-10A-01D-A043_120214_SN590_0138_AC0E8HACXX_s_6_rg.sorted.bam,31810081570,Illumina HiSeq,UCEC,59744199679,gs://5aa919de-0aa0-43ec-9ec3-288481102b6d/tcga/UCEC/DNA/WGS/HMS-RK/ILLUMINA/TCGA-BG-A0LW-01A-11D-A043_120214_SN590_0138_AC0E8HACXX_s_5_rg.sorted.bam,gs://5aa919de-0aa0-43ec-9ec3-288481102b6d/tcga/UCEC/DNA/WGS/HMS-RK/ILLUMINA/TCGA-BG-A0LW-10A-01D-A043_120214_SN590_0138_AC0E8HACXX_s_6_rg.sorted.bam
748,TCGA-B5-A0K1,TCGA-B5-A0K1-01A-11D-A043-02,TCGA-B5-A0K1-01A-11D-A043_120214_SN590_0138_AC0E8HACXX_s_3_rg.sorted.bam,fb29a0da-eb80-43a5-be71-85cf2d58268c,gs://5aa919de-0aa0-43ec-9ec3-288481102b6d/tcga/UCEC/DNA/WGS/HMS-RK/ILLUMINA/TCGA-B5-A0K1-01A-11D-A043_120214_SN590_0138_AC0E8HACXX_s_3_rg.sorted.bam,28236788198,Illumina HiSeq,TCGA-B5-A0K1-10A-01D-A043-02,TCGA-B5-A0K1-10A-01D-A043_120214_SN590_0138_AC0E8HACXX_s_4_rg.sorted.bam,39f2c18d-e88e-4bae-a080-e0f971f99f99,gs://5aa919de-0aa0-43ec-9ec3-288481102b6d/tcga/UCEC/DNA/WGS/HMS-RK/ILLUMINA/TCGA-B5-A0K1-10A-01D-A043_120214_SN590_0138_AC0E8HACXX_s_4_rg.sorted.bam,32192383971,Illumina HiSeq,UCEC,60429172169,gs://5aa919de-0aa0-43ec-9ec3-288481102b6d/tcga/UCEC/DNA/WGS/HMS-RK/ILLUMINA/TCGA-B5-A0K1-01A-11D-A043_120214_SN590_0138_AC0E8HACXX_s_3_rg.sorted.bam,gs://5aa919de-0aa0-43ec-9ec3-288481102b6d/tcga/UCEC/DNA/WGS/HMS-RK/ILLUMINA/TCGA-B5-A0K1-10A-01D-A043_120214_SN590_0138_AC0E8HACXX_s_4_rg.sorted.bam
685,TCGA-AP-A0LH,TCGA-AP-A0LH-01A-11D-A043-02,TCGA-AP-A0LH-01A-11D-A043_120214_SN590_0138_AC0E8HACXX_s_1_rg.sorted.bam,4334c333-7627-4949-90aa-55897232ec49,gs://5aa919de-0aa0-43ec-9ec3-288481102b6d/tcga/UCEC/DNA/WGS/HMS-RK/ILLUMINA/TCGA-AP-A0LH-01A-11D-A043_120214_SN590_0138_AC0E8HACXX_s_1_rg.sorted.bam,33567788937,Illumina HiSeq,TCGA-AP-A0LH-10A-01D-A043-02,TCGA-AP-A0LH-10A-01D-A043_120214_SN590_0138_AC0E8HACXX_s_2_rg.sorted.bam,265fdf19-e338-42d6-9032-162923c0a164,gs://5aa919de-0aa0-43ec-9ec3-288481102b6d/tcga/UCEC/DNA/WGS/HMS-RK/ILLUMINA/TCGA-AP-A0LH-10A-01D-A043_120214_SN590_0138_AC0E8HACXX_s_2_rg.sorted.bam,31204476497,Illumina HiSeq,UCEC,64772265434,gs://5aa919de-0aa0-43ec-9ec3-288481102b6d/tcga/UCEC/DNA/WGS/WUGSC/ILLUMINA/d1ee2de36aac63e924ff27efa16ae3dc.bam,gs://5aa919de-0aa0-43ec-9ec3-288481102b6d/tcga/UCEC/DNA/WGS/WUGSC/ILLUMINA/aac500043338d17345f6c88291afc16f.bam
669,TCGA-AP-A051,TCGA-AP-A051-01A-21D-A013-09,49320cdd49b83c21082251cf7413af62.bam,16685246-b33b-4810-9cef-2ec37924f621,gs://5aa919de-0aa0-43ec-9ec3-288481102b6d/tcga/UCEC/DNA/WGS/WUGSC/ILLUMINA/49320cdd49b83c21082251cf7413af62.bam,109374372941,Illumina HiSeq,TCGA-AP-A051-10A-01D-A013-09,3f3ef84660f7426d20a9c5cb429db8ee.bam,8728b3d3-aca8-4f84-a4c2-496d9e18083c,gs://5aa919de-0aa0-43ec-9ec3-288481102b6d/tcga/UCEC/DNA/WGS/WUGSC/ILLUMINA/3f3ef84660f7426d20a9c5cb429db8ee.bam,79559336279,Illumina HiSeq,UCEC,188933709220,gs://5aa919de-0aa0-43ec-9ec3-288481102b6d/tcga/UCEC/DNA/WGS/WUGSC/ILLUMINA/49320cdd49b83c21082251cf7413af62.bam,gs://5aa919de-0aa0-43ec-9ec3-288481102b6d/tcga/UCEC/DNA/WGS/WUGSC/ILLUMINA/3f3ef84660f7426d20a9c5cb429db8ee.bam
675,TCGA-AP-A05D,TCGA-AP-A05D-01A-11D-A013-09,16c5b03f7a162662f87a6ef4eb8efdb7.bam,4cb18a3e-36df-43cb-ab17-5ba82f2a7949,gs://5aa919de-0aa0-43ec-9ec3-288481102b6d/tcga/UCEC/DNA/WGS/WUGSC/ILLUMINA/16c5b03f7a162662f87a6ef4eb8efdb7.bam,123583785772,Illumina HiSeq,TCGA-AP-A05D-10A-01D-A013-09,bfb755eba2cb74f4b267ec11599be1e6.bam,e5f25684-823e-40cc-af50-3fe79d356351,gs://5aa919de-0aa0-43ec-9ec3-288481102b6d/tcga/UCEC/DNA/WGS/WUGSC/ILLUMINA/bfb755eba2cb74f4b267ec11599be1e6.bam,76263117149,Illumina HiSeq,UCEC,199846902921,gs://5aa919de-0aa0-43ec-9ec3-288481102b6d/tcga/UCEC/DNA/WGS/WUGSC/ILLUMINA/16c5b03f7a162662f87a6ef4eb8efdb7.bam,gs://5aa919de-0aa0-43ec-9ec3-288481102b6d/tcga/UCEC/DNA/WGS/WUGSC/ILLUMINA/bfb755eba2cb74f4b267ec11599be1e6.bam
1311,TCGA-D1-A1NU,TCGA-D1-A1NU-01A-11D-A34H-09,d70abbce939febed4d88a2f3041db471.bam,55250c6d-b9fb-4613-8463-59123f4e2065,gs://5aa919de-0aa0-43ec-9ec3-288481102b6d/tcga/UCEC/DNA/WGS/WUGSC/ILLUMINA/d70abbce939febed4d88a2f3041db471.bam,116853110803,Illumina HiSeq,TCGA-D1-A1NU-10A-01D-A14G-09,1e153b1e43ce5444de39e6c20baa20c7.bam,ebdfdf2c-e248-442b-90a6-f5b85951aa9f,gs://5aa919de-0aa0-43ec-9ec3-288481102b6d/tcga/UCEC/DNA/WGS/WUGSC/ILLUMINA/1e153b1e43ce5444de39e6c20baa20c7.bam,90021015158,Illumina HiSeq,UCEC,206874125961,gs://5aa919de-0aa0-43ec-9ec3-288481102b6d/tcga/UCEC/DNA/WGS/WUGSC/ILLUMINA/d70abbce939febed4d88a2f3041db471.bam,gs://5aa919de-0aa0-43ec-9ec3-288481102b6d/tcga/UCEC/DNA/WGS/WUGSC/ILLUMINA/1e153b1e43ce5444de39e6c20baa20c7.bam
710,TCGA-AX-A1C8,TCGA-AX-A1C8-01A-11D-A135-09,1076369c844452a633e3edce84850064.bam,37d56097-9e5d-4008-bbc9-5bd69910436b,gs://5aa919de-0aa0-43ec-9ec3-288481102b6d/tcga/UCEC/DNA/WGS/WUGSC/ILLUMINA/1076369c844452a633e3edce84850064.bam,149037815283,Illumina HiSeq,TCGA-AX-A1C8-10A-01D-A34H-09,99231eb34b1f9fb496429a33945944d6.bam,700244b2-fe0e-4242-bc86-6b418aeca931,gs://5aa919de-0aa0-43ec-9ec3-288481102b6d/tcga/UCEC/DNA/WGS/WUGSC/ILLUMINA/99231eb34b1f9fb496429a33945944d6.bam,80188078287,Illumina HiSeq,UCEC,229225893570,gs://5aa919de-0aa0-43ec-9ec3-288481102b6d/tcga/UCEC/DNA/WGS/WUGSC/ILLUMINA/1076369c844452a633e3edce84850064.bam,gs://5aa919de-0aa0-43ec-9ec3-288481102b6d/tcga/UCEC/DNA/WGS/WUGSC/ILLUMINA/99231eb34b1f9fb496429a33945944d6.bam
682,TCGA-AP-A0LD,TCGA-AP-A0LD-01A-11D-A066-09,ee32938babfe9b6967e9a4c5f49435dd.bam,d3a5aa02-ef8e-4ad1-adca-1c4b867fe524,gs://5aa919de-0aa0-43ec-9ec3-288481102b6d/tcga/UCEC/DNA/WGS/WUGSC/ILLUMINA/ee32938babfe9b6967e9a4c5f49435dd.bam,134943371588,Illumina HiSeq,TCGA-AP-A0LD-10A-01D-A066-09,54c87a63e243f1591e2bdfffad550c99.bam,5b853034-41e8-4872-b613-f9a44a734189,gs://5aa919de-0aa0-43ec-9ec3-288481102b6d/tcga/UCEC/DNA/WGS/WUGSC/ILLUMINA/54c87a63e243f1591e2bdfffad550c99.bam,103617979807,Illumina HiSeq,UCEC,238561351395,gs://5aa919de-0aa0-43ec-9ec3-288481102b6d/tcga/UCEC/DNA/WGS/HMS-RK/ILLUMINA/TCGA-AP-A0LD-01A-11D-A043_120330_SN1120_0128_AC0L52ACXX_s_6_rg.sorted.bam,gs://5aa919de-0aa0-43ec-9ec3-288481102b6d/tcga/UCEC/DNA/WGS/HMS-RK/ILLUMINA/TCGA-AP-A0LD-10A-01D-A043_120330_SN1120_0128_AC0L52ACXX_s_3_rg.sorted.bam
1295,TCGA-D1-A16G,TCGA-D1-A16G-01A-31D-A12J-09,943f4d785b943d37fff5ff0c234c4566.bam,e4699f4c-2332-49b2-83cb-aff2eeb83c5b,gs://5aa919de-0aa0-43ec-9ec3-288481102b6d/tcga/UCEC/DNA/WGS/WUGSC/ILLUMINA/943f4d785b943d37fff5ff0c234c4566.bam,148968312957,Illumina HiSeq,TCGA-D1-A16G-10A-01D-A12J-09,5e5b36501f397d1baded6fb8e0d1272a.bam,da837283-ab60-47a3-bbd9-5a449b9e409e,gs://5aa919de-0aa0-43ec-9ec3-288481102b6d/tcga/UCEC/DNA/WGS/WUGSC/ILLUMINA/5e5b36501f397d1baded6fb8e0d1272a.bam,89848406709,Illumina HiSeq,UCEC,238816719666,gs://5aa919de-0aa0-43ec-9ec3-288481102b6d/tcga/UCEC/DNA/WGS/WUGSC/ILLUMINA/943f4d785b943d37fff5ff0c234c4566.bam,gs://5aa919de-0aa0-43ec-9ec3-288481102b6d/tcga/UCEC/DNA/WGS/WUGSC/ILLUMINA/5e5b36501f397d1baded6fb8e0d1272a.bam
753,TCGA-B5-A0K8,TCGA-B5-A0K8-01A-11D-A14K-09,869d810ce565d6181a7a0471f851fd20.bam,48423c41-27b2-43d8-8358-735f4bcd008a,gs://5aa919de-0aa0-43ec-9ec3-288481102b6d/tcga/UCEC/DNA/WGS/WUGSC/ILLUMINA/869d810ce565d6181a7a0471f851fd20.bam,166288650365,Illumina HiSeq,TCGA-B5-A0K8-10B-01D-A34H-09,d820260550ed5924c59f81c3b52d9aef.bam,dc6942f5-8f80-4394-9218-09d97da13ef2,gs://5aa919de-0aa0-43ec-9ec3-288481102b6d/tcga/UCEC/DNA/WGS/WUGSC/ILLUMINA/d820260550ed5924c59f81c3b52d9aef.bam,76201115451,Illumina HiSeq,UCEC,242489765816,gs://5aa919de-0aa0-43ec-9ec3-288481102b6d/tcga/UCEC/DNA/WGS/WUGSC/ILLUMINA/869d810ce565d6181a7a0471f851fd20.bam,gs://5aa919de-0aa0-43ec-9ec3-288481102b6d/tcga/UCEC/DNA/WGS/WUGSC/ILLUMINA/d820260550ed5924c59f81c3b52d9aef.bam
693,TCGA-AP-A0LO,TCGA-AP-A0LO-01A-11D-A066-09,e52ff8a7016a0eac7ed93be3b1a7cfa2.bam,41a58f7b-d910-420e-ae2c-d37cc1f4a220,gs://5aa919de-0aa0-43ec-9ec3-288481102b6d/tcga/UCEC/DNA/WGS/WUGSC/ILLUMINA/e52ff8a7016a0eac7ed93be3b1a7cfa2.bam,157148749075,Illumina HiSeq,TCGA-AP-A0LO-10A-01D-A066-09,9a3623ca36e06ee9d500dc34c0a877e8.bam,c16c6461-1160-45bf-be24-3e4c6dd25d2e,gs://5aa919de-0aa0-43ec-9ec3-288481102b6d/tcga/UCEC/DNA/WGS/WUGSC/ILLUMINA/9a3623ca36e06ee9d500dc34c0a877e8.bam,89179498885,Illumina HiSeq,UCEC,246328247960,gs://5aa919de-0aa0-43ec-9ec3-288481102b6d/tcga/UCEC/DNA/WGS/HMS-RK/ILLUMINA/TCGA-AP-A0LO-01A-11D-A043_120318_SN590_0147_BD0U3RACXX_s_7_rg.sorted.bam,gs://5aa919de-0aa0-43ec-9ec3-288481102b6d/tcga/UCEC/DNA/WGS/WUGSC/ILLUMINA/9a3623ca36e06ee9d500dc34c0a877e8.bam
691,TCGA-AP-A0LL,TCGA-AP-A0LL-01A-12D-A127-09,5e859f6467c712851a78fd973b655dc1.bam,56b1f38e-7065-46ee-8f41-f17603791f9f,gs://5aa919de-0aa0-43ec-9ec3-288481102b6d/tcga/UCEC/DNA/WGS/WUGSC/ILLUMINA/5e859f6467c712851a78fd973b655dc1.bam,153850251059,Illumina HiSeq,TCGA-AP-A0LL-10A-01D-A10B-09,bd84b1b4e53170c8c0a48eda107e6317.bam,f1e0e257-a16b-4a00-b0c1-605ee9458570,gs://5aa919de-0aa0-43ec-9ec3-288481102b6d/tcga/UCEC/DNA/WGS/WUGSC/ILLUMINA/bd84b1b4e53170c8c0a48eda107e6317.bam,94802659221,Illumina HiSeq,UCEC,248652910280,gs://5aa919de-0aa0-43ec-9ec3-288481102b6d/tcga/UCEC/DNA/WGS/WUGSC/ILLUMINA/5e859f6467c712851a78fd973b655dc1.bam,gs://5aa919de-0aa0-43ec-9ec3-288481102b6d/tcga/UCEC/DNA/WGS/HMS-RK/ILLUMINA/TCGA-AP-A0LL-10A-01D-A101_120406_SN208_0281_AC0KDBACXX_s_4_rg.sorted.bam
709,TCGA-AX-A0J1,TCGA-AX-A0J1-01A-11D-A066-09,c71bbdff2d8e43b1dd7f270bf112e2c4.bam,4d43e1fb-f822-45ec-b3db-8b91f598ced3,gs://5aa919de-0aa0-43ec-9ec3-288481102b6d/tcga/UCEC/DNA/WGS/WUGSC/ILLUMINA/c71bbdff2d8e43b1dd7f270bf112e2c4.bam,154318756388,Illumina HiSeq,TCGA-AX-A0J1-10A-01D-A066-09,7652d849b685c386a065309525f742d7.bam,71b29e81-6847-4a7c-9051-48bb0ea4e4b2,gs://5aa919de-0aa0-43ec-9ec3-288481102b6d/tcga/UCEC/DNA/WGS/WUGSC/ILLUMINA/7652d849b685c386a065309525f742d7.bam,100311529960,Illumina HiSeq,UCEC,254630286348,gs://5aa919de-0aa0-43ec-9ec3-288481102b6d/tcga/UCEC/DNA/WGS/WUGSC/ILLUMINA/c71bbdff2d8e43b1dd7f270bf112e2c4.bam,gs://5aa919de-0aa0-43ec-9ec3-288481102b6d/tcga/UCEC/DNA/WGS/WUGSC/ILLUMINA/7652d849b685c386a065309525f742d7.bam
374,TCGA-A5-A0GA,TCGA-A5-A0GA-01A-11D-A066-09,cfb494ec82ff531a0bc7eacc26f33717.bam,b68fc7e3-5a98-423d-8f72-b4b5f50435a5,gs://5aa919de-0aa0-43ec-9ec3-288481102b6d/tcga/UCEC/DNA/WGS/WUGSC/ILLUMINA/cfb494ec82ff531a0bc7eacc26f33717.bam,157031519926,Illumina HiSeq,TCGA-A5-A0GA-10A-01D-A066-09,e1a5abee600fb4b0041613970a420df5.bam,539ccf4d-b32a-4206-9646-db8e092ecd9b,gs://5aa919de-0aa0-43ec-9ec3-288481102b6d/tcga/UCEC/DNA/WGS/WUGSC/ILLUMINA/e1a5abee600fb4b0041613970a420df5.bam,99765769146,Illumina HiSeq,UCEC,256797289072,gs://5aa919de-0aa0-43ec-9ec3-288481102b6d/tcga/UCEC/DNA/WGS/WUGSC/ILLUMINA/cfb494ec82ff531a0bc7eacc26f33717.bam,gs://5aa919de-0aa0-43ec-9ec3-288481102b6d/tcga/UCEC/DNA/WGS/WUGSC/ILLUMINA/e1a5abee600fb4b0041613970a420df5.bam
1306,TCGA-D1-A17K,TCGA-D1-A17K-01A-11D-A325-09,b66e82ee0591fe581241dcc082de2e52.bam,03c25260-4914-4b4e-817e-05d0ba7e3ded,gs://5aa919de-0aa0-43ec-9ec3-288481102b6d/tcga/UCEC/DNA/WGS/WUGSC/ILLUMINA/b66e82ee0591fe581241dcc082de2e52.bam,155882442263,Illumina HiSeq,TCGA-D1-A17K-10A-01D-A325-09,adffab3072f2a40a5ab4e59bb4a40b02.bam,68ad7b2b-089b-43c0-a3b9-b8679859e995,gs://5aa919de-0aa0-43ec-9ec3-288481102b6d/tcga/UCEC/DNA/WGS/WUGSC/ILLUMINA/adffab3072f2a40a5ab4e59bb4a40b02.bam,101497031723,Illumina HiSeq,UCEC,257379473986,gs://5aa919de-0aa0-43ec-9ec3-288481102b6d/tcga/UCEC/DNA/WGS/HMS-RK/ILLUMINA/TCGA-D1-A17K-01A-11D-A12F_120523_SN1222_0108_AC0VL4ACXX_s_2_rg.sorted.bam,gs://5aa919de-0aa0-43ec-9ec3-288481102b6d/tcga/UCEC/DNA/WGS/WUGSC/ILLUMINA/adffab3072f2a40a5ab4e59bb4a40b02.bam
756,TCGA-B5-A11H,TCGA-B5-A11H-01A-11D-A122-09,b2efe67d968c5b6634b971bdef73c05a.bam,f7538b9e-e9b1-41fd-b09d-9ef50a3553d5,gs://5aa919de-0aa0-43ec-9ec3-288481102b6d/tcga/UCEC/DNA/WGS/WUGSC/ILLUMINA/b2efe67d968c5b6634b971bdef73c05a.bam,165323483922,Illumina HiSeq,TCGA-B5-A11H-10B-01D-A122-09,ed08bd5c24283a732e590c6c3fdb0bf2.bam,255125dd-cc6d-4b7e-a042-7662021a54c3,gs://5aa919de-0aa0-43ec-9ec3-288481102b6d/tcga/UCEC/DNA/WGS/WUGSC/ILLUMINA/ed08bd5c24283a732e590c6c3fdb0bf2.bam,94135027986,Illumina HiSeq,UCEC,259458511908,gs://5aa919de-0aa0-43ec-9ec3-288481102b6d/tcga/UCEC/DNA/WGS/WUGSC/ILLUMINA/b2efe67d968c5b6634b971bdef73c05a.bam,gs://5aa919de-0aa0-43ec-9ec3-288481102b6d/tcga/UCEC/DNA/WGS/WUGSC/ILLUMINA/ed08bd5c24283a732e590c6c3fdb0bf2.bam
684,TCGA-AP-A0LF,TCGA-AP-A0LF-01A-11D-A122-09,f31cfe2ad0117626a14c5b0dea28c02d.bam,edd786b0-5020-470f-a33f-28c99bef68c0,gs://5aa919de-0aa0-43ec-9ec3-288481102b6d/tcga/UCEC/DNA/WGS/WUGSC/ILLUMINA/f31cfe2ad0117626a14c5b0dea28c02d.bam,164458550927,Illumina HiSeq,TCGA-AP-A0LF-10A-01D-A122-09,b0309a87a1a7399bda55bc2b952f82aa.bam,13237b6b-b46f-447d-8767-de4a8d0cbf55,gs://5aa919de-0aa0-43ec-9ec3-288481102b6d/tcga/UCEC/DNA/WGS/WUGSC/ILLUMINA/b0309a87a1a7399bda55bc2b952f82aa.bam,96210312282,Illumina HiSeq,UCEC,260668863209,gs://5aa919de-0aa0-43ec-9ec3-288481102b6d/tcga/UCEC/DNA/WGS/WUGSC/ILLUMINA/f31cfe2ad0117626a14c5b0dea28c02d.bam,gs://5aa919de-0aa0-43ec-9ec3-288481102b6d/tcga/UCEC/DNA/WGS/WUGSC/ILLUMINA/b0309a87a1a7399bda55bc2b952f82aa.bam
644,TCGA-AJ-A23M,TCGA-AJ-A23M-01A-11D-A34H-09,5ccefc1bca215bf54bcca30953e25fc3.bam,c45046fe-9086-4f96-bc47-68de65413b58,gs://5aa919de-0aa0-43ec-9ec3-288481102b6d/tcga/UCEC/DNA/WGS/WUGSC/ILLUMINA/5ccefc1bca215bf54bcca30953e25fc3.bam,159008453467,Illumina HiSeq,TCGA-AJ-A23M-10A-01D-A159-09,03bef5376c018b6d84c592f87aea1f37.bam,393908f7-ff74-42de-9e9d-314eb0119741,gs://5aa919de-0aa0-43ec-9ec3-288481102b6d/tcga/UCEC/DNA/WGS/WUGSC/ILLUMINA/03bef5376c018b6d84c592f87aea1f37.bam,102340927866,Illumina HiSeq,UCEC,261349381333,gs://5aa919de-0aa0-43ec-9ec3-288481102b6d/tcga/UCEC/DNA/WGS/WUGSC/ILLUMINA/5ccefc1bca215bf54bcca30953e25fc3.bam,gs://5aa919de-0aa0-43ec-9ec3-288481102b6d/tcga/UCEC/DNA/WGS/WUGSC/ILLUMINA/03bef5376c018b6d84c592f87aea1f37.bam
962,TCGA-BS-A0TG,TCGA-BS-A0TG-01A-32D-A10B-09,11e9896c1184c4a8c38f78209b067bcf.bam,8a9ac951-0c3a-4112-8159-d585756fae14,gs://5aa919de-0aa0-43ec-9ec3-288481102b6d/tcga/UCEC/DNA/WGS/WUGSC/ILLUMINA/11e9896c1184c4a8c38f78209b067bcf.bam,164392317709,Illumina HiSeq,TCGA-BS-A0TG-10A-01D-A10B-09,690abaeb2cb158cb141d3f5315e2ef25.bam,de8d8e35-070b-47f4-a78d-8d239ff9828f,gs://5aa919de-0aa0-43ec-9ec3-288481102b6d/tcga/UCEC/DNA/WGS/WUGSC/ILLUMINA/690abaeb2cb158cb141d3f5315e2ef25.bam,97236372490,Illumina HiSeq,UCEC,261628690199,gs://5aa919de-0aa0-43ec-9ec3-288481102b6d/tcga/UCEC/DNA/WGS/WUGSC/ILLUMINA/11e9896c1184c4a8c38f78209b067bcf.bam,gs://5aa919de-0aa0-43ec-9ec3-288481102b6d/tcga/UCEC/DNA/WGS/WUGSC/ILLUMINA/690abaeb2cb158cb141d3f5315e2ef25.bam
705,TCGA-AX-A06B,TCGA-AX-A06B-01A-11D-A325-09,d8812a052472972b8c4ec509bc9bec1f.bam,4f89c64d-ad85-45a6-a62b-e78fcbe761b3,gs://5aa919de-0aa0-43ec-9ec3-288481102b6d/tcga/UCEC/DNA/WGS/WUGSC/ILLUMINA/d8812a052472972b8c4ec509bc9bec1f.bam,168734915403,Illumina HiSeq,TCGA-AX-A06B-10A-01D-A325-09,2d076b319d13bbab7835a04a2d724a18.bam,aae209a4-ca40-462b-8d7f-c9715f68a5b6,gs://5aa919de-0aa0-43ec-9ec3-288481102b6d/tcga/UCEC/DNA/WGS/WUGSC/ILLUMINA/2d076b319d13bbab7835a04a2d724a18.bam,93269669622,Illumina HiSeq,UCEC,262004585025,gs://5aa919de-0aa0-43ec-9ec3-288481102b6d/tcga/UCEC/DNA/WGS/WUGSC/ILLUMINA/d8812a052472972b8c4ec509bc9bec1f.bam,gs://5aa919de-0aa0-43ec-9ec3-288481102b6d/tcga/UCEC/DNA/WGS/WUGSC/ILLUMINA/2d076b319d13bbab7835a04a2d724a18.bam
381,TCGA-A5-A0GJ,TCGA-A5-A0GJ-01A-11D-A325-09,7bb361e97c34cfa7d98b7297a5f65604.bam,b55c1811-4356-4978-a0f1-59bda1ab8a8c,gs://5aa919de-0aa0-43ec-9ec3-288481102b6d/tcga/UCEC/DNA/WGS/WUGSC/ILLUMINA/7bb361e97c34cfa7d98b7297a5f65604.bam,163304933124,Illumina HiSeq,TCGA-A5-A0GJ-10A-01D-A325-09,9bcdd395d21fe21860b2a4e5833d1d6c.bam,6164c1be-27d4-49e1-8b8d-3cc04a0cbd5c,gs://5aa919de-0aa0-43ec-9ec3-288481102b6d/tcga/UCEC/DNA/WGS/WUGSC/ILLUMINA/9bcdd395d21fe21860b2a4e5833d1d6c.bam,100529865779,Illumina HiSeq,UCEC,263834798903,gs://5aa919de-0aa0-43ec-9ec3-288481102b6d/tcga/UCEC/DNA/WGS/WUGSC/ILLUMINA/7bb361e97c34cfa7d98b7297a5f65604.bam,gs://5aa919de-0aa0-43ec-9ec3-288481102b6d/tcga/UCEC/DNA/WGS/WUGSC/ILLUMINA/9bcdd395d21fe21860b2a4e5833d1d6c.bam
686,TCGA-AP-A0LH,TCGA-AP-A0LH-01A-11D-A066-09,d1ee2de36aac63e924ff27efa16ae3dc.bam,35b27702-57f1-4e49-8d49-3efa49e48c34,gs://5aa919de-0aa0-43ec-9ec3-288481102b6d/tcga/UCEC/DNA/WGS/WUGSC/ILLUMINA/d1ee2de36aac63e924ff27efa16ae3dc.bam,166127350281,Illumina HiSeq,TCGA-AP-A0LH-10A-01D-A066-09,aac500043338d17345f6c88291afc16f.bam,8cb57b82-ea91-46b2-93fc-5891637a86fd,gs://5aa919de-0aa0-43ec-9ec3-288481102b6d/tcga/UCEC/DNA/WGS/WUGSC/ILLUMINA/aac500043338d17345f6c88291afc16f.bam,99596425123,Illumina HiSeq,UCEC,265723775404,gs://5aa919de-0aa0-43ec-9ec3-288481102b6d/tcga/UCEC/DNA/WGS/WUGSC/ILLUMINA/d1ee2de36aac63e924ff27efa16ae3dc.bam,gs://5aa919de-0aa0-43ec-9ec3-288481102b6d/tcga/UCEC/DNA/WGS/WUGSC/ILLUMINA/aac500043338d17345f6c88291afc16f.bam
1770,TCGA-EY-A1GW,TCGA-EY-A1GW-01A-22D-A13L-09,3d9f475186150ea055fddf25af7bb7e3.bam,b2829fb0-5912-46cd-a87b-e2dcbb14192d,gs://5aa919de-0aa0-43ec-9ec3-288481102b6d/tcga/UCEC/DNA/WGS/WUGSC/ILLUMINA/3d9f475186150ea055fddf25af7bb7e3.bam,168493691386,Illumina HiSeq,TCGA-EY-A1GW-10A-01D-A13O-09,0f6f01b874a9ad317f478405d01a7b78.bam,729a4630-2ce5-4af2-9661-d07eb0b0ab37,gs://5aa919de-0aa0-43ec-9ec3-288481102b6d/tcga/UCEC/DNA/WGS/WUGSC/ILLUMINA/0f6f01b874a9ad317f478405d01a7b78.bam,100617747582,Illumina HiSeq,UCEC,269111438968,gs://5aa919de-0aa0-43ec-9ec3-288481102b6d/tcga/UCEC/DNA/WGS/WUGSC/ILLUMINA/3d9f475186150ea055fddf25af7bb7e3.bam,gs://5aa919de-0aa0-43ec-9ec3-288481102b6d/tcga/UCEC/DNA/WGS/WUGSC/ILLUMINA/0f6f01b874a9ad317f478405d01a7b78.bam
835,TCGA-BG-A18C,TCGA-BG-A18C-01A-11D-A325-09,161c6ea1a81d271566d819bb40703564.bam,358cf81d-1664-4a81-9bdc-eddc1d95f8f4,gs://5aa919de-0aa0-43ec-9ec3-288481102b6d/tcga/UCEC/DNA/WGS/WUGSC/ILLUMINA/161c6ea1a81d271566d819bb40703564.bam,169180246395,Illumina HiSeq,TCGA-BG-A18C-10A-01D-A12J-09,a7751c8cfdc93f1d8c593044ee32e902.bam,b07a0aa4-0418-4460-86c3-8a8c34314113,gs://5aa919de-0aa0-43ec-9ec3-288481102b6d/tcga/UCEC/DNA/WGS/WUGSC/ILLUMINA/a7751c8cfdc93f1d8c593044ee32e902.bam,101232650979,Illumina HiSeq,UCEC,270412897374,gs://5aa919de-0aa0-43ec-9ec3-288481102b6d/tcga/UCEC/DNA/WGS/WUGSC/ILLUMINA/161c6ea1a81d271566d819bb40703564.bam,gs://5aa919de-0aa0-43ec-9ec3-288481102b6d/tcga/UCEC/DNA/WGS/WUGSC/ILLUMINA/a7751c8cfdc93f1d8c593044ee32e902.bam
1417,TCGA-DI-A1NN,TCGA-DI-A1NN-01A-11D-A34H-09,a8fa89810891a177c65d943664f1e99b.bam,b518c962-e072-40bd-962b-f0eebac9aa3b,gs://5aa919de-0aa0-43ec-9ec3-288481102b6d/tcga/UCEC/DNA/WGS/WUGSC/ILLUMINA/a8fa89810891a177c65d943664f1e99b.bam,172576177741,Illumina HiSeq,TCGA-DI-A1NN-11A-21D-A16D-09,d9475b3941b070ab594bf87f35c3bb64.bam,bbac625f-8abc-4371-81df-955aac7e6f64,gs://5aa919de-0aa0-43ec-9ec3-288481102b6d/tcga/UCEC/DNA/WGS/WUGSC/ILLUMINA/d9475b3941b070ab594bf87f35c3bb64.bam,99661491519,Illumina HiSeq,UCEC,272237669260,gs://5aa919de-0aa0-43ec-9ec3-288481102b6d/tcga/UCEC/DNA/WGS/WUGSC/ILLUMINA/a8fa89810891a177c65d943664f1e99b.bam,gs://5aa919de-0aa0-43ec-9ec3-288481102b6d/tcga/UCEC/DNA/WGS/WUGSC/ILLUMINA/d9475b3941b070ab594bf87f35c3bb64.bam
674,TCGA-AP-A05A,TCGA-AP-A05A-01A-11D-A013-09,0efe658adac35f9288ebc6e59891a34b.bam,1e8db39a-fb8e-4aa5-8cce-962a219e02e7,gs://5aa919de-0aa0-43ec-9ec3-288481102b6d/tcga/UCEC/DNA/WGS/WUGSC/ILLUMINA/0efe658adac35f9288ebc6e59891a34b.bam,179694591228,Illumina HiSeq,TCGA-AP-A05A-10A-01D-A013-09,3ff0f4f5e508ac0ae2c9b8406e4ff866.bam,0cc0d677-617d-4b5d-aae8-f65ef03bee67,gs://5aa919de-0aa0-43ec-9ec3-288481102b6d/tcga/UCEC/DNA/WGS/WUGSC/ILLUMINA/3ff0f4f5e508ac0ae2c9b8406e4ff866.bam,106515304879,Illumina HiSeq,UCEC,286209896107,gs://5aa919de-0aa0-43ec-9ec3-288481102b6d/tcga/UCEC/DNA/WGS/WUGSC/ILLUMINA/0efe658adac35f9288ebc6e59891a34b.bam,gs://5aa919de-0aa0-43ec-9ec3-288481102b6d/tcga/UCEC/DNA/WGS/WUGSC/ILLUMINA/3ff0f4f5e508ac0ae2c9b8406e4ff866.bam
704,TCGA-AX-A05S,TCGA-AX-A05S-01A-11D-A013-09,063d6bdd81ba674cf8ce55970b76bc7d.bam,982e6db1-dd32-43ea-821b-612393624334,gs://5aa919de-0aa0-43ec-9ec3-288481102b6d/tcga/UCEC/DNA/WGS/WUGSC/ILLUMINA/063d6bdd81ba674cf8ce55970b76bc7d.bam,182770627029,Illumina HiSeq,TCGA-AX-A05S-10A-01D-A17G-09,49861aebca28da370701b7a96aff70cd.bam,647fc67b-0022-4886-89d0-b73f80f2af8c,gs://5aa919de-0aa0-43ec-9ec3-288481102b6d/tcga/UCEC/DNA/WGS/WUGSC/ILLUMINA/49861aebca28da370701b7a96aff70cd.bam,105465168311,Illumina HiSeq,UCEC,288235795340,gs://5aa919de-0aa0-43ec-9ec3-288481102b6d/tcga/UCEC/DNA/WGS/WUGSC/ILLUMINA/063d6bdd81ba674cf8ce55970b76bc7d.bam,gs://5aa919de-0aa0-43ec-9ec3-288481102b6d/tcga/UCEC/DNA/WGS/WUGSC/ILLUMINA/49861aebca28da370701b7a96aff70cd.bam
683,TCGA-AP-A0LE,TCGA-AP-A0LE-01A-11D-A127-09,4aa512860ab86fb3f56ebdc8fcd69ce1.bam,b5fe9da4-e8c6-4c5a-ae7f-b1227dcafe8f,gs://5aa919de-0aa0-43ec-9ec3-288481102b6d/tcga/UCEC/DNA/WGS/WUGSC/ILLUMINA/4aa512860ab86fb3f56ebdc8fcd69ce1.bam,181803371370,Illumina HiSeq,TCGA-AP-A0LE-10A-01D-A10B-09,b2c5a3ae7ac562e837c4d8d068119dec.bam,732dc027-ea60-49a0-b044-9af39c83a89e,gs://5aa919de-0aa0-43ec-9ec3-288481102b6d/tcga/UCEC/DNA/WGS/WUGSC/ILLUMINA/b2c5a3ae7ac562e837c4d8d068119dec.bam,110508285253,Illumina HiSeq,UCEC,292311656623,gs://5aa919de-0aa0-43ec-9ec3-288481102b6d/tcga/UCEC/DNA/WGS/WUGSC/ILLUMINA/4aa512860ab86fb3f56ebdc8fcd69ce1.bam,gs://5aa919de-0aa0-43ec-9ec3-288481102b6d/tcga/UCEC/DNA/WGS/WUGSC/ILLUMINA/b2c5a3ae7ac562e837c4d8d068119dec.bam
711,TCGA-AX-A1CI,TCGA-AX-A1CI-01A-11D-A135-09,bcbfebca137feee918342e841c0bb404.bam,47f4dbcb-cbdc-4e4e-a4b2-5080f3e683cf,gs://5aa919de-0aa0-43ec-9ec3-288481102b6d/tcga/UCEC/DNA/WGS/WUGSC/ILLUMINA/bcbfebca137feee918342e841c0bb404.bam,182702556903,Illumina HiSeq,TCGA-AX-A1CI-11A-11D-A135-09,cac40b41b0788460b2a61ebd89541fff.bam,c97c7a6c-553f-4d7b-9e17-8994f4047d8e,gs://5aa919de-0aa0-43ec-9ec3-288481102b6d/tcga/UCEC/DNA/WGS/WUGSC/ILLUMINA/cac40b41b0788460b2a61ebd89541fff.bam,112695395143,Illumina HiSeq,UCEC,295397952046,gs://5aa919de-0aa0-43ec-9ec3-288481102b6d/tcga/UCEC/DNA/WGS/WUGSC/ILLUMINA/bcbfebca137feee918342e841c0bb404.bam,gs://5aa919de-0aa0-43ec-9ec3-288481102b6d/tcga/UCEC/DNA/WGS/WUGSC/ILLUMINA/cac40b41b0788460b2a61ebd89541fff.bam
680,TCGA-AP-A0L9,TCGA-AP-A0L9-01A-11D-A066-09,142ba22e796cab1075278cd533a287c8.bam,56ea48ea-3024-42a8-9753-85711f00712f,gs://5aa919de-0aa0-43ec-9ec3-288481102b6d/tcga/UCEC/DNA/WGS/WUGSC/ILLUMINA/142ba22e796cab1075278cd533a287c8.bam,186842620544,Illumina HiSeq,TCGA-AP-A0L9-10A-01D-A066-09,b0f4d56d8be7b73ada803e2771e3522a.bam,a9cd0625-86d7-481a-aa20-f4b73233c820,gs://5aa919de-0aa0-43ec-9ec3-288481102b6d/tcga/UCEC/DNA/WGS/WUGSC/ILLUMINA/b0f4d56d8be7b73ada803e2771e3522a.bam,110620499673,Illumina HiSeq,UCEC,297463120217,gs://5aa919de-0aa0-43ec-9ec3-288481102b6d/tcga/UCEC/DNA/WGS/HMS-RK/ILLUMINA/TCGA-AP-A0L9-01A-11D-A043_120318_SN590_0147_BD0U3RACXX_s_3_rg.sorted.bam,gs://5aa919de-0aa0-43ec-9ec3-288481102b6d/tcga/UCEC/DNA/WGS/WUGSC/ILLUMINA/b0f4d56d8be7b73ada803e2771e3522a.bam
671,TCGA-AP-A053,TCGA-AP-A053-01A-21D-A013-09,f45f02f7da5f0692a3a5e6f53061ff05.bam,f5bf0f66-e1e7-424f-90df-9ec48601cece,gs://5aa919de-0aa0-43ec-9ec3-288481102b6d/tcga/UCEC/DNA/WGS/WUGSC/ILLUMINA/f45f02f7da5f0692a3a5e6f53061ff05.bam,188151073686,Illumina HiSeq,TCGA-AP-A053-10A-01D-A013-09,bd005f17f054b1b98796b9efd0bfb272.bam,8da3862a-d5b8-478c-b9c0-d34cb7ba05a3,gs://5aa919de-0aa0-43ec-9ec3-288481102b6d/tcga/UCEC/DNA/WGS/WUGSC/ILLUMINA/bd005f17f054b1b98796b9efd0bfb272.bam,112911285487,Illumina HiSeq,UCEC,301062359173,gs://5aa919de-0aa0-43ec-9ec3-288481102b6d/tcga/UCEC/DNA/WGS/WUGSC/ILLUMINA/f45f02f7da5f0692a3a5e6f53061ff05.bam,gs://5aa919de-0aa0-43ec-9ec3-288481102b6d/tcga/UCEC/DNA/WGS/WUGSC/ILLUMINA/bd005f17f054b1b98796b9efd0bfb272.bam
